Year,SourcePDF,Team,Player,Pos,G,AB,R,H,2B,3B,HR,SB,SH,RBI,PO,A,E,Pct
1940,1940_Top_10_OCR.pdf,Buford,Hyder,lf,5,17,6,7,,,,,,,,,,0.412
1940,1940_Top_10_OCR.pdf,Buford,McQuaig,cf,5,22,8,8,,,,,,,,,,0.364
1940,1940_Top_10_OCR.pdf,Buford,Shipley,2b,5,22,6,8,,,,,,,,,,0.364
1940,1940_Top_10_OCR.pdf,Buford,Harris,3b-ss,3,12,2,4,,,,,,,,,,0.333
1940,1940_Top_10_OCR.pdf,Buford,Baxter,rf,3,9,1,3,,,,,,,,,,0.333
1940,1940_Top_10_OCR.pdf,Buford,Collins,ss,1,3,0,1,,,,,,,,,,0.333
1940,1940_Top_10_OCR.pdf,Buford,Lyons,c,5,14,3,4,,,,,,,,,,0.286
1940,1940_Top_10_OCR.pdf,Buford,Dean,3b,5,22,8,6,,,,,,,,,,0.273
1940,1940_Top_10_OCR.pdf,Buford,Herrin,ss,5,15,1,4,,,,,,,,,,0.267
1940,1940_Top_10_OCR.pdf,Buford,Treadway,1b,5,24,2,5,,,,,,,,,,0.208
1940,1940_Top_10_OCR.pdf,Buford,Munns,p,4,5,1,1,,,,,,,,,,0.2
,,,,,,,,,,,,,,,,,,
1940,1940_Top_10_OCR.pdf,Chicago,A. Radcliff,3b,6,23,5,10,,,,,,,,,,0.435
1940,1940_Top_10_OCR.pdf,Chicago,Marshall,ss,6,19,5,8,,,,,,,,,,0.421
1940,1940_Top_10_OCR.pdf,Chicago,Hyde,2b,6,21,3,8,,,,,,,,,,0.381
1940,1940_Top_10_OCR.pdf,Chicago,Deal,1b,6,22,3,8,,,,,,,,,,0.364
1940,1940_Top_10_OCR.pdf,Chicago,Henderson,2b,2,3,1,1,,,,,,,,,,0.333
1940,1940_Top_10_OCR.pdf,Chicago,Bissant,lf,6,26,4,8,,,,,,,,,,0.308
1940,1940_Top_10_OCR.pdf,Chicago,Byas,c,6,21,6,5,,,,,,,,,,0.238
1940,1940_Top_10_OCR.pdf,Chicago,Powell,rf,6,21,4,5,,,,,,,,,,0.238
1940,1940_Top_10_OCR.pdf,Chicago,Davis,p,4,10,1,2,,,,,,,,,,0.2
1940,1940_Top_10_OCR.pdf,Chicago,Lloyd,cf,6,22,2,2,,,,,,,,,,0.091
,,,,,,,,,,,,,,,,,,
1940,1940_Top_10_OCR.pdf,Duncan,Coppock,c,5,17,5,9,,,,,,,,,,0.53
1940,1940_Top_10_OCR.pdf,Duncan,Pruitt,p,1,2,2,1,,,,,,,,,,0.5
1940,1940_Top_10_OCR.pdf,Duncan,Hassler,3b,5,16,4,6,,,,,,,,,,0.375
1940,1940_Top_10_OCR.pdf,Duncan,Utt,c,2,8,2,3,,,,,,,,,,0.375
1940,1940_Top_10_OCR.pdf,Duncan,Graves,cf,4,14,4,5,,,,,,,,,,0.357
1940,1940_Top_10_OCR.pdf,Duncan,Nance,lf,6,22,6,7,,,,,,,,,,0.318
1940,1940_Top_10_OCR.pdf,Duncan,Welch,ss,5,19,3,6,,,,,,,,,,0.316
1940,1940_Top_10_OCR.pdf,Duncan,Myer,1b,6,23,5,7,,,,,,,,,,0.304
1940,1940_Top_10_OCR.pdf,Duncan,Sloan,rf,6,22,6,6,,,,,,,,,,0.273
1940,1940_Top_10_OCR.pdf,Duncan,Smith,ss,3,8,0,2,,,,,,,,,,0.25
1940,1940_Top_10_OCR.pdf,Duncan,Willingham,2b,6,25,3,4,,,,,,,,,,0.16
1940,1940_Top_10_OCR.pdf,Duncan,Governor,cf,2,7,0,1,,,,,,,,,,0.143
1940,1940_Top_10_OCR.pdf,Duncan,Struss,p,2,8,2,1,,,,,,,,,,0.125
1940,1940_Top_10_OCR.pdf,Duncan,Parker,p,3,8,0,1,,,,,,,,,,0.125
,,,,,,,,,,,,,,,,,,
1940,1940_Top_10_OCR.pdf,Enid,Barkley,ss,8,34,13,13,,,,,,,,,,0.382
1940,1940_Top_10_OCR.pdf,Enid,McFarland,cf,8,27,7,10,,,,,,,,,,0.37
1940,1940_Top_10_OCR.pdf,Enid,Gilchrist,2b,8,34,11,12,,,,,,,,,,0.353
1940,1940_Top_10_OCR.pdf,Enid,Clift,rf,8,28,9,9,,,,,,,,,,0.321
1940,1940_Top_10_OCR.pdf,Enid,Gibson,3b,8,32,4,10,,,,,,,,,,0.313
1940,1940_Top_10_OCR.pdf,Enid,Patton,lf,8,31,4,9,,,,,,,,,,0.294
1940,1940_Top_10_OCR.pdf,Enid,McClung,1b,8,29,4,6,,,,,,,,,,0.206
1940,1940_Top_10_OCR.pdf,Enid,Milstead,p,3,5,1,1,,,,,,,,,,0.2
1940,1940_Top_10_OCR.pdf,Enid,Clark,c,8,29,4,5,,,,,,,,,,0.172
1940,1940_Top_10_OCR.pdf,Enid,Cauble,p,5,16,0,1,,,,,,,,,,0.063
,,,,,,,,,,,,,,,,,,
1940,1940_Top_10_OCR.pdf,Houston,Angley,c,5,18,8,10,,,,,,,,,,0.556
1940,1940_Top_10_OCR.pdf,Houston,Kentling,1b,7,26,3,13,,,,,,,,,,0.5
1940,1940_Top_10_OCR.pdf,Houston,Jakucki,p,4,6,0,3,,,,,,,,,,0.5
1940,1940_Top_10_OCR.pdf,Houston,Bumpers,p,3,4,2,2,,,,,,,,,,0.5
1940,1940_Top_10_OCR.pdf,Houston,Morrow,cf-3b,4,17,3,7,,,,,,,,,,0.412
1940,1940_Top_10_OCR.pdf,Houston,Evans,p,3,6,1,2,,,,,,,,,,0.333
1940,1940_Top_10_OCR.pdf,Houston,Schuble,ss,1,3,0,1,,,,,,,,,,0.333
1940,1940_Top_10_OCR.pdf,Houston,Didriksen,lf,7,28,8,9,,,,,,,,,,0.321
1940,1940_Top_10_OCR.pdf,Houston,Lewis,c,2,7,2,2,,,,,,,,,,0.286
1940,1940_Top_10_OCR.pdf,Houston,Alsabrook,rf,7,26,3,7,,,,,,,,,,0.269
1940,1940_Top_10_OCR.pdf,Houston,Cunningham,3b,7,19,5,5,,,,,,,,,,0.263
1940,1940_Top_10_OCR.pdf,Houston,Nolen,cf,5,16,4,4,,,,,,,,,,0.25
1940,1940_Top_10_OCR.pdf,Houston,Stone,ss,6,23,2,5,,,,,,,,,,0.217
1940,1940_Top_10_OCR.pdf,Houston,Williford,2b,7,30,6,3,,,,,,,,,,0.1
,,,,,,,,,,,,,,,,,,
1940,1940_Top_10_OCR.pdf,Mt. Pleasant,Stevenson,rf,3,4,1,2,,,,,,,,,,0.5
1940,1940_Top_10_OCR.pdf,Mt. Pleasant,Mock,3b,4,5,1,2,,,,,,,,,,0.4
1940,1940_Top_10_OCR.pdf,Mt. Pleasant,Flynn,c,8,24,3,7,,,,,,,,,,0.292
1940,1940_Top_10_OCR.pdf,Mt. Pleasant,Biggers,p,6,7,1,2,,,,,,,,,,0.286
1940,1940_Top_10_OCR.pdf,Mt. Pleasant,Hoffman,rf,8,25,3,7,,,,,,,,,,0.28
1940,1940_Top_10_OCR.pdf,Mt. Pleasant,Borom,2b,8,29,6,8,,,,,,,,,,0.276
1940,1940_Top_10_OCR.pdf,Mt. Pleasant,Simmons,3b,8,32,3,8,,,,,,,,,,0.25
1940,1940_Top_10_OCR.pdf,Mt. Pleasant,Thesenga,p,4,4,0,1,,,,,,,,,,0.25
1940,1940_Top_10_OCR.pdf,Mt. Pleasant,Jones,lf,8,29,7,6,,,,,,,,,,0.207
1940,1940_Top_10_OCR.pdf,Mt. Pleasant,Hill,1b,8,34,5,7,,,,,,,,,,0.206
1940,1940_Top_10_OCR.pdf,Mt. Pleasant,Griffin,p,5,11,2,2,,,,,,,,,,0.182
1940,1940_Top_10_OCR.pdf,Mt. Pleasant,Hostetler,cf,8,34,4,5,,,,,,,,,,0.147
1940,1940_Top_10_OCR.pdf,Mt. Pleasant,France,u,8,34,4,5,,,,,,,,,,0.147
,,,,,,,,,,,,,,,,,,
1940,1940_Top_10_OCR.pdf,Natrona,Fullerton,lf,3,10,1,4,,,,,,,,,,0.4
1940,1940_Top_10_OCR.pdf,Natrona,Kocon,1b,5,19,5,7,,,,,,,,,,0.368
1940,1940_Top_10_OCR.pdf,Natrona,H. Malisz'ski,lf,5,15,2,5,,,,,,,,,,0.333
1940,1940_Top_10_OCR.pdf,Natrona,E. Malisz'ski,3b,5,16,1,4,,,,,,,,,,0.25
1940,1940_Top_10_OCR.pdf,Natrona,Ruthowski,c,5,16,0,3,,,,,,,,,,0.188
1940,1940_Top_10_OCR.pdf,Natrona,Dunn,2b,5,18,2,3,,,,,,,,,,0.167
1940,1940_Top_10_OCR.pdf,Natrona,Hundredmark,rf,5,19,2,3,,,,,,,,,,0.158
1940,1940_Top_10_OCR.pdf,Natrona,Rezak,ss,4,13,2,2,,,,,,,,,,0.154
1940,1940_Top_10_OCR.pdf,Natrona,Sarver,p,3,9,1,1,,,,,,,,,,0.111
,,,,,,,,,,,,,,,,,,
1940,1940_Top_10_OCR.pdf,Sanford,Hoyle,2b-lf,7,18,5,6,,,,,,,,,,0.333
1940,1940_Top_10_OCR.pdf,Sanford,Mallory,cf,7,29,7,9,,,,,,,,,,0.31
1940,1940_Top_10_OCR.pdf,Sanford,Shokes,1b,7,29,6,9,,,,,,,,,,0.31
1940,1940_Top_10_OCR.pdf,Sanford,Eason,rf,7,31,2,7,,,,,,,,,,0.226
1940,1940_Top_10_OCR.pdf,Sanford,Glosski,c,7,27,1,6,,,,,,,,,,0.222
1940,1940_Top_10_OCR.pdf,Sanford,Butcher,p-lf,6,10,0,2,,,,,,,,,,0.2
1940,1940_Top_10_OCR.pdf,Sanford,Ray,p,2,5,1,1,,,,,,,,,,0.2
1940,1940_Top_10_OCR.pdf,Sanford,Abernathy,p,2,5,0,1,,,,,,,,,,0.2
1940,1940_Top_10_OCR.pdf,Sanford,Price,3b,7,26,4,5,,,,,,,,,,0.192
1940,1940_Top_10_OCR.pdf,Sanford,Hobson,2b,7,24,5,4,,,,,,,,,,0.167
1940,1940_Top_10_OCR.pdf,Sanford,Byrd,p,4,8,2,1,,,,,,,,,,0.125
1940,1940_Top_10_OCR.pdf,Sanford,Clayton,ss,7,27,4,3,,,,,,,,,,0.111
,,,,,,,,,,,,,,,,,,
1940,1940_Top_10_OCR.pdf,Wichita,Lang,p,1,3,2,2,,,,,,,,,,0.6
1940,1940_Top_10_OCR.pdf,Wichita,Korach,cf,2,3,1,2,,,,,,,,,,0.6
1940,1940_Top_10_OCR.pdf,Wichita,Corbitt,ss,5,17,5,7,,,,,,,,,,0.412
1940,1940_Top_10_OCR.pdf,Wichita,Olson,lf,5,19,0,7,,,,,,,,,,0.368
1940,1940_Top_10_OCR.pdf,Wichita,Parker,1b,5,17,1,6,,,,,,,,,,0.353
1940,1940_Top_10_OCR.pdf,Wichita,Hobein,p,1,3,1,1,,,,,,,,,,0.333
1940,1940_Top_10_OCR.pdf,Wichita,Burtner,2b,5,19,5,5,,,,,,,,,,0.263
1940,1940_Top_10_OCR.pdf,Wichita,Lockett,rf,4,9,4,2,,,,,,,,,,0.222
1940,1940_Top_10_OCR.pdf,Wichita,Funk,cf,4,14,2,3,,,,,,,,,,0.211
1940,1940_Top_10_OCR.pdf,Wichita,Brady,p,2,5,2,1,,,,,,,,,,0.2
1940,1940_Top_10_OCR.pdf,Wichita,Meadows,p,2,5,1,1,,,,,,,,,,0.2
1940,1940_Top_10_OCR.pdf,Wichita,Nance,rf,4,11,0,2,,,,,,,,,,0.182
1940,1940_Top_10_OCR.pdf,Wichita,Bates,c,5,18,3,3,,,,,,,,,,0.167
1940,1940_Top_10_OCR.pdf,Wichita,Peddicord,3b,5,17,3,2,,,,,,,,,,0.118
,,,,,,,,,,,,,,,,,,
1940,1940_Top_10_OCR.pdf,Worcester,Lendo,ss-2b-p,4,12,2,7,,,,,,,,,,0.583
1940,1940_Top_10_OCR.pdf,Worcester,Gnuch,p,1,2,0,1,,,,,,,,,,0.5
1940,1940_Top_10_OCR.pdf,Worcester,Maneral,cf,5,19,4,9,,,,,,,,,,0.474
1940,1940_Top_10_OCR.pdf,Worcester,Nylander,ss,3,10,4,3,,,,,,,,,,0.333
1940,1940_Top_10_OCR.pdf,Worcester,Almand,c,3,9,1,3,,,,,,,,,,0.333
1940,1940_Top_10_OCR.pdf,Worcester,Scrivone,3b,5,25,4,8,,,,,,,,,,0.32
1940,1940_Top_10_OCR.pdf,Worcester,Balsavich,lf,5,19,2,6,,,,,,,,,,0.316
1940,1940_Top_10_OCR.pdf,Worcester,Piurek,2b,4,14,2,3,,,,,,,,,,0.214
1940,1940_Top_10_OCR.pdf,Worcester,Myllykangas,p,2,5,1,1,,,,,,,,,,0.2
1940,1940_Top_10_OCR.pdf,Worcester,Dowd,lf,2,5,0,1,,,,,,,,,,0.2
1940,1940_Top_10_OCR.pdf,Worcester,Mahoney,lf,5,15,4,2,,,,,,,,,,0.133
1940,1940_Top_10_OCR.pdf,Worcester,Karpoe,rf,5,14,2,1,,,,,,,,,,0.071
,,,,,,,,,,,,,,,,,,
1966,1966 NBC player stats OCR.pdf,Albuquerque (NM) Woods,James,1b,2,3,0,1,0,0,0,0,0,0,3,0,0,0.333
1966,1966 NBC player stats OCR.pdf,Albuquerque (NM) Woods,R. Page,ss,2,4,1,1,0,0,0,0,1,0,1,1,1,0.25
1966,1966 NBC player stats OCR.pdf,Albuquerque (NM) Woods,Templeton,rf-p-c,2,4,0,1,0,0,0,1,0,0,2,1,1,0.25
1966,1966 NBC player stats OCR.pdf,Albuquerque (NM) Woods,Roman,cf-lf,2,5,0,0,0,0,0,0,0,0,3,0,0,0.0
1966,1966 NBC player stats OCR.pdf,Albuquerque (NM) Woods,Young,2b,2,6,0,0,0,0,0,0,0,0,4,3,0,0.0
1966,1966 NBC player stats OCR.pdf,Albuquerque (NM) Woods,Pappan,c,2,5,0,0,0,0,0,0,0,0,13,1,0,0.0
1966,1966 NBC player stats OCR.pdf,Albuquerque (NM) Woods,Coyne,rf,2,5,0,0,0,0,0,0,0,0,3,1,0,0.0
1966,1966 NBC player stats OCR.pdf,Albuquerque (NM) Woods,Stein,lf,1,3,0,0,0,0,0,0,0,0,2,0,0,0.0
1966,1966 NBC player stats OCR.pdf,Albuquerque (NM) Woods,Parra,3b,2,2,0,0,0,0,0,0,0,0,1,3,1,0.0
1966,1966 NBC player stats OCR.pdf,Albuquerque (NM) Woods,Rubi,p,1,0,0,0,0,0,0,0,0,0,0,1,0,0.0
1966,1966 NBC player stats OCR.pdf,Albuquerque (NM) Woods,Randel,p,2,1,0,0,0,0,0,0,0,0,0,0,0,0.0
1966,1966 NBC player stats OCR.pdf,Albuquerque (NM) Woods,Sawtelle,rf,1,1,0,0,0,0,0,0,0,0,0,0,0,0.0
1966,1966 NBC player stats OCR.pdf,Albuquerque (NM) Woods,Ikleman,1b,1,1,0,0,0,0,0,0,0,0,4,0,1,0.0
1966,1966 NBC player stats OCR.pdf,Albuquerque (NM) Woods,Serda,p,1,0,0,0,0,0,0,0,0,0,0,0,0,0.0
1966,1966 NBC player stats OCR.pdf,Albuquerque (NM) Woods,E. Page,p,1,1,0,0,0,0,0,0,0,0,0,0,0,0.0
,,,,,,,,,,,,,,,,,,
1966,1966 NBC player stats OCR.pdf,Batesville (AR),Turnbull,p,1,2,0,1,0,0,0,0,1,0,1,0,0,0.5
1966,1966 NBC player stats OCR.pdf,Batesville (AR),Callaway,ss,5,18,2,8,0,0,0,0,0,3,12,12,2,0.444
1966,1966 NBC player stats OCR.pdf,Batesville (AR),M. Washington,lf,5,16,4,7,0,0,2,0,0,4,5,4,0,0.438
1966,1966 NBC player stats OCR.pdf,Batesville (AR),A. C. Williams,1b-cf,2,7,1,3,1,0,1,1,0,1,4,0,0,0.429
1966,1966 NBC player stats OCR.pdf,Batesville (AR),Glenn,2b,3,13,2,5,0,0,0,2,0,0,5,10,1,0.385
1966,1966 NBC player stats OCR.pdf,Batesville (AR),G. Washington,1b,5,16,3,6,0,0,2,1,0,5,35,5,1,0.375
1966,1966 NBC player stats OCR.pdf,Batesville (AR),Richmond,p,3,8,2,3,0,1,0,0,0,1,3,2,0,0.375
1966,1966 NBC player stats OCR.pdf,Batesville (AR),J. Mercer,3b,5,22,2,8,0,1,0,1,0,1,1,10,0,0.364
1966,1966 NBC player stats OCR.pdf,Batesville (AR),Harmen,lf,1,3,0,1,1,0,0,0,0,0,1,0,0,0.333
1966,1966 NBC player stats OCR.pdf,Batesville (AR),Landers,cf-2b,3,10,3,3,0,2,0,1,0,1,4,5,4,0.3
1966,1966 NBC player stats OCR.pdf,Batesville (AR),Moss,rf,5,20,2,5,1,0,0,0,0,1,4,0,0,0.25
1966,1966 NBC player stats OCR.pdf,Batesville (AR),D. Williams,cf,4,13,1,3,1,0,0,1,0,1,6,0,0,0.231
1966,1966 NBC player stats OCR.pdf,Batesville (AR),C. Mercer,c,5,22,1,3,0,0,0,0,1,2,46,8,0,0.136
1966,1966 NBC player stats OCR.pdf,Batesville (AR),Hopkins,p,2,2,0,0,0,0,0,0,0,0,0,0,0,0.0
1966,1966 NBC player stats OCR.pdf,Batesville (AR),Dunavent,p,2,4,0,0,0,0,0,0,0,0,0,1,0,0.0
1966,1966 NBC player stats OCR.pdf,Batesville (AR),Brewer,p,1,2,0,0,0,0,0,0,0,0,0,0,0,0.0
,,,,,,,,,,,,,,,,,,
1966,1966 NBC player stats OCR.pdf,Baton Rouge (LA) Rebels,Lee,rf-p,3,6,2,3,0,0,0,0,0,1,3,1,0,0.5
1966,1966 NBC player stats OCR.pdf,Baton Rouge (LA) Rebels,Hall,rf,3,10,1,4,1,0,0,0,0,2,1,0,0,0.4
1966,1966 NBC player stats OCR.pdf,Baton Rouge (LA) Rebels,Baron,lf,4,11,1,4,1,0,0,0,0,0,9,0,0,0.364
1966,1966 NBC player stats OCR.pdf,Baton Rouge (LA) Rebels,Edmondson,ss,4,13,0,3,0,0,0,1,1,7,1,6,12,0.231
1966,1966 NBC player stats OCR.pdf,Baton Rouge (LA) Rebels,O'Neal,c,4,14,1,3,2,0,0,0,0,3,27,1,2,0.214
1966,1966 NBC player stats OCR.pdf,Baton Rouge (LA) Rebels,McCuller,cf,4,13,1,2,0,0,0,1,0,0,5,0,0,0.154
1966,1966 NBC player stats OCR.pdf,Baton Rouge (LA) Rebels,G. Bracken,2b,4,11,0,1,0,0,0,0,2,0,8,10,1,0.091
1966,1966 NBC player stats OCR.pdf,Baton Rouge (LA) Rebels,Achord,3b,4,13,2,1,0,0,0,0,0,1,1,1,1,0.077
1966,1966 NBC player stats OCR.pdf,Baton Rouge (LA) Rebels,Labauve,1b,4,13,1,0,0,0,0,0,0,1,30,3,0,0.0
1966,1966 NBC player stats OCR.pdf,Baton Rouge (LA) Rebels,Hebert,p,2,1,0,0,0,0,0,0,0,0,0,1,0,0.0
1966,1966 NBC player stats OCR.pdf,Baton Rouge (LA) Rebels,E. Smith,p,3,5,0,0,0,0,0,0,0,0,0,1,0,0.0
1966,1966 NBC player stats OCR.pdf,Baton Rouge (LA) Rebels,Toce,p,1,2,1,0,0,0,0,0,0,0,0,0,0,0.0
,,,,,,,,,,,,,,,,,,
1966,1966 NBC player stats OCR.pdf,Boulder (CO) Collegians,Henningsen,3b,8,24,6,11,1,0,1,4,0,4,13,20,1,0.458
1966,1966 NBC player stats OCR.pdf,Boulder (CO) Collegians,Dukes,p,3,8,4,3,2,0,1,0,1,5,0,6,0,0.375
1966,1966 NBC player stats OCR.pdf,Boulder (CO) Collegians,Willis,p,2,6,0,2,1,0,0,0,0,0,0,2,0,0.333
1966,1966 NBC player stats OCR.pdf,Boulder (CO) Collegians,Deisher,cf,8,24,5,7,1,0,1,3,1,5,18,1,2,0.292
1966,1966 NBC player stats OCR.pdf,Boulder (CO) Collegians,Austin,lf,8,26,9,7,2,0,2,2,0,3,9,0,1,0.269
1966,1966 NBC player stats OCR.pdf,Boulder (CO) Collegians,Spence,1b,8,27,6,7,0,2,2,1,1,9,68,3,3,0.259
1966,1966 NBC player stats OCR.pdf,Boulder (CO) Collegians,Daly,c,8,26,3,6,1,0,1,0,0,3,64,2,1,0.231
1966,1966 NBC player stats OCR.pdf,Boulder (CO) Collegians,Riddock,ss,8,31,3,7,1,0,1,1,0,5,4,23,0,0.225
1966,1966 NBC player stats OCR.pdf,Boulder (CO) Collegians,Moriarity,rf,8,26,5,5,1,0,1,0,0,4,7,0,0,0.192
1966,1966 NBC player stats OCR.pdf,Boulder (CO) Collegians,Kochevar,3b,8,23,5,3,0,0,1,0,1,3,3,15,2,0.13
1966,1966 NBC player stats OCR.pdf,Boulder (CO) Collegians,Hyman,p,8,8,0,0,0,0,0,0,1,0,1,6,0,0.0
1966,1966 NBC player stats OCR.pdf,Boulder (CO) Collegians,Townsend,nan,1,1,0,0,0,0,0,0,0,0,0,0,0,0.0
1966,1966 NBC player stats OCR.pdf,Boulder (CO) Collegians,Carbajal,p,3,1,0,0,0,0,0,0,0,0,0,5,0,0.0
,,,,,,,,,,,,,,,,,,
1966,1966 NBC player stats OCR.pdf,Enid (OK) Dodgers,Hardiman,1b,4,17,4,8,1,1,1,0,0,3,37,1,0,0.471
1966,1966 NBC player stats OCR.pdf,Enid (OK) Dodgers,Burdex,c,4,16,2,7,0,0,1,2,0,6,21,4,1,0.438
1966,1966 NBC player stats OCR.pdf,Enid (OK) Dodgers,Hays,cf,4,15,3,4,0,0,0,0,1,5,5,1,0,0.267
1966,1966 NBC player stats OCR.pdf,Enid (OK) Dodgers,Blair,2b,4,13,3,3,0,0,0,0,2,2,8,16,2,0.231
1966,1966 NBC player stats OCR.pdf,Enid (OK) Dodgers,Lodes,rf-p,4,9,2,2,1,1,0,0,0,2,3,1,1,0.222
1966,1966 NBC player stats OCR.pdf,Enid (OK) Dodgers,Thompson,ss,4,15,1,3,0,0,0,0,0,2,12,13,1,0.2
1966,1966 NBC player stats OCR.pdf,Enid (OK) Dodgers,Cheatwood,rf-lf,4,9,2,1,0,0,0,0,0,0,2,1,0,0.111
1966,1966 NBC player stats OCR.pdf,Enid (OK) Dodgers,Deffenbaugh,rf,1,2,1,0,0,0,0,0,1,0,2,1,0,0.0
1966,1966 NBC player stats OCR.pdf,Enid (OK) Dodgers,Davis,3b,4,13,1,0,0,0,0,0,0,0,3,10,1,0.0
1966,1966 NBC player stats OCR.pdf,Enid (OK) Dodgers,Hewitt,lf,4,11,3,0,0,0,0,2,2,0,8,1,1,0.0
1966,1966 NBC player stats OCR.pdf,Enid (OK) Dodgers,Maxwell,p,1,2,0,0,0,0,0,0,0,0,0,0,0,0.0
1966,1966 NBC player stats OCR.pdf,Enid (OK) Dodgers,Ward,p,2,1,0,0,0,0,0,0,0,0,0,1,0,0.0
1966,1966 NBC player stats OCR.pdf,Enid (OK) Dodgers,Cassie,p,2,0,0,0,0,0,0,0,0,0,0,1,0,0.0
1966,1966 NBC player stats OCR.pdf,Enid (OK) Dodgers,Teeders,p,1,0,0,0,0,0,0,0,0,0,0,0,0,0.0
1966,1966 NBC player stats OCR.pdf,Enid (OK) Dodgers,Allan,p,2,0,0,0,0,0,0,0,0,0,0,0,0,0.0
,,,,,,,,,,,,,,,,,,
1966,1966 NBC player stats OCR.pdf,Eureka (CA) Humboldt Crabs,Gregory,rf-lf,7,23,7,11,1,1,1,1,0,5,12,2,1,0.478
1966,1966 NBC player stats OCR.pdf,Eureka (CA) Humboldt Crabs,Dyer,3b,5,12,2,5,2,0,0,0,1,4,3,6,1,0.417
1966,1966 NBC player stats OCR.pdf,Eureka (CA) Humboldt Crabs,Marquess,1b,6,22,3,9,0,0,1,0,0,6,28,0,2,0.409
1966,1966 NBC player stats OCR.pdf,Eureka (CA) Humboldt Crabs,Mathiesen,ss,7,25,6,10,0,2,0,1,0,1,18,13,0,0.4
1966,1966 NBC player stats OCR.pdf,Eureka (CA) Humboldt Crabs,Reuss,cf,7,24,5,8,0,0,1,2,0,4,6,0,0,0.333
1966,1966 NBC player stats OCR.pdf,Eureka (CA) Humboldt Crabs,Garrett,c,7,21,2,6,0,0,0,0,2,7,81,3,0,0.286
1966,1966 NBC player stats OCR.pdf,Eureka (CA) Humboldt Crabs,Vance,p,3,11,1,3,1,0,0,0,0,1,9,3,0,0.273
1966,1966 NBC player stats OCR.pdf,Eureka (CA) Humboldt Crabs,Bendele,p,2,4,0,1,0,0,0,0,1,0,0,4,0,0.25
1966,1966 NBC player stats OCR.pdf,Eureka (CA) Humboldt Crabs,R. Bonomini,2b,7,27,3,6,2,0,0,0,2,3,7,14,1,0.222
1966,1966 NBC player stats OCR.pdf,Eureka (CA) Humboldt Crabs,Brady,rf-3b,5,16,1,2,0,0,0,0,0,0,5,5,0,0.125
1966,1966 NBC player stats OCR.pdf,Eureka (CA) Humboldt Crabs,Garrido,cf-rf,7,26,3,2,0,0,1,0,1,2,8,2,0,0.077
1966,1966 NBC player stats OCR.pdf,Eureka (CA) Humboldt Crabs,Gonsalves,p,4,2,0,0,0,0,0,0,0,0,0,0,1,0.0
1966,1966 NBC player stats OCR.pdf,Eureka (CA) Humboldt Crabs,Klinger,p,2,5,0,0,0,0,0,0,0,0,0,1,0,0.0
1966,1966 NBC player stats OCR.pdf,Eureka (CA) Humboldt Crabs,Caviglia,p,1,0,0,0,0,0,0,0,0,0,0,0,0,0.0
1966,1966 NBC player stats OCR.pdf,Eureka (CA) Humboldt Crabs,Graves,p,1,0,0,0,0,0,0,0,0,0,0,0,0,0.0
,,,,,,,,,,,,,,,,,,
1966,1966 NBC player stats OCR.pdf,Grand Rapids (MI) Sullivan's,Howard,1b-rf,3,11,3,5,0,1,2,0,0,2,9,1,0,0.455
1966,1966 NBC player stats OCR.pdf,Grand Rapids (MI) Sullivan's,Ware,3b,3,12,1,4,2,0,0,0,0,2,2,8,0,0.333
1966,1966 NBC player stats OCR.pdf,Grand Rapids (MI) Sullivan's,Imhoff,p,1,4,0,1,0,0,0,0,0,0,1,3,1,0.25
1966,1966 NBC player stats OCR.pdf,Grand Rapids (MI) Sullivan's,Johnson,cf,3,13,2,3,0,0,0,0,0,0,4,0,0,0.231
1966,1966 NBC player stats OCR.pdf,Grand Rapids (MI) Sullivan's,Miller,cf-rf-1b,3,10,4,2,0,0,1,3,0,3,11,0,0,0.2
1966,1966 NBC player stats OCR.pdf,Grand Rapids (MI) Sullivan's,Hofmann,lf,3,5,1,1,0,0,0,1,2,0,5,1,0,0.2
1966,1966 NBC player stats OCR.pdf,Grand Rapids (MI) Sullivan's,Merchant,2b,3,11,0,2,1,0,1,1,0,1,14,12,1,0.182
1966,1966 NBC player stats OCR.pdf,Grand Rapids (MI) Sullivan's,Symko,ss,3,12,0,2,0,0,0,0,0,1,7,13,1,0.167
1966,1966 NBC player stats OCR.pdf,Grand Rapids (MI) Sullivan's,Kuzick,c,3,10,1,1,0,0,0,0,0,0,10,3,0,0.1
1966,1966 NBC player stats OCR.pdf,Grand Rapids (MI) Sullivan's,Klunder,1b-p,2,5,0,0,0,0,0,0,0,0,4,4,0,0.0
1966,1966 NBC player stats OCR.pdf,Grand Rapids (MI) Sullivan's,Devereux,p,3,0,0,0,0,0,0,0,0,0,0,3,1,0.0
1966,1966 NBC player stats OCR.pdf,Grand Rapids (MI) Sullivan's,Goodrich,p,2,3,0,0,0,0,0,0,0,0,0,1,5,0.0
1966,1966 NBC player stats OCR.pdf,Grand Rapids (MI) Sullivan's,Rumohr,p,2,1,0,0,0,0,0,0,0,0,0,0,0,0.0
1966,1966 NBC player stats OCR.pdf,Grand Rapids (MI) Sullivan's,Johns,p,2,0,0,0,0,0,0,0,0,0,0,0,0,0.0
1966,1966 NBC player stats OCR.pdf,Grand Rapids (MI) Sullivan's,Walcott,p,1,0,0,0,0,0,0,0,0,0,0,0,0,0.0
,,,,,,,,,,,,,,,,,,
1966,1966 NBC player stats OCR.pdf,Huntsville (AL) Independents,Sumners,3b,1,2,1,1,0,0,0,0,0,0,1,0,0,0.5
1966,1966 NBC player stats OCR.pdf,Huntsville (AL) Independents,Gentles,rf,3,11,1,4,1,0,0,1,0,1,8,0,0,0.364
1966,1966 NBC player stats OCR.pdf,Huntsville (AL) Independents,Houk,ss,3,11,1,4,0,0,1,0,0,3,6,7,1,0.364
1966,1966 NBC player stats OCR.pdf,Huntsville (AL) Independents,Johnson,cf,3,14,2,4,1,0,0,0,0,0,6,0,0,0.286
1966,1966 NBC player stats OCR.pdf,Huntsville (AL) Independents,Skelton,2b-3b-rf,3,12,1,3,3,0,0,0,1,4,1,0,0,0.25
1966,1966 NBC player stats OCR.pdf,Huntsville (AL) Independents,Cox,1b,3,9,2,2,0,0,0,0,0,0,24,0,0,0.222
1966,1966 NBC player stats OCR.pdf,Huntsville (AL) Independents,Wallace,p,2,6,1,1,0,0,0,0,0,1,0,1,0,0.167
1966,1966 NBC player stats OCR.pdf,Huntsville (AL) Independents,Limbaugh,c,3,10,1,1,0,1,0,0,0,2,20,1,0,0.1
1966,1966 NBC player stats OCR.pdf,Huntsville (AL) Independents,Bishop,lf,3,12,2,1,0,0,0,0,0,0,9,0,1,0.083
1966,1966 NBC player stats OCR.pdf,Huntsville (AL) Independents,Duke,2b,3,10,0,0,0,0,0,0,0,0,6,5,0,0.0
1966,1966 NBC player stats OCR.pdf,Huntsville (AL) Independents,Mitchell,p,3,3,1,0,0,0,0,0,0,0,1,4,0,0.0
1966,1966 NBC player stats OCR.pdf,Huntsville (AL) Independents,Rodgers,rf-p,2,2,0,0,0,0,0,0,0,0,0,1,0,0.0
1966,1966 NBC player stats OCR.pdf,Huntsville (AL) Independents,Campbell,p,1,0,0,0,0,0,0,0,0,0,0,0,0,0.0
,,,,,,,,,,,,,,,,,,
1966,1966 NBC player stats OCR.pdf,Kokomo (IN) Highlanders,Leavell,p,1,2,0,1,0,0,0,0,1,0,1,1,0,0.5
1966,1966 NBC player stats OCR.pdf,Kokomo (IN) Highlanders,Harlan,2b,2,7,0,3,0,0,0,0,0,0,2,6,1,0.429
1966,1966 NBC player stats OCR.pdf,Kokomo (IN) Highlanders,Martin,cf,2,8,0,3,0,0,0,1,0,1,8,0,1,0.375
1966,1966 NBC player stats OCR.pdf,Kokomo (IN) Highlanders,Patmore,ss-3b,2,6,1,2,0,0,0,1,0,1,1,1,0,0.333
1966,1966 NBC player stats OCR.pdf,Kokomo (IN) Highlanders,Rutherford,2b,1,4,0,1,0,0,0,0,0,0,0,4,1,0.25
1966,1966 NBC player stats OCR.pdf,Kokomo (IN) Highlanders,N. Snyder,rf,2,9,1,2,0,0,0,0,1,0,2,0,0,0.222
1966,1966 NBC player stats OCR.pdf,Kokomo (IN) Highlanders,Lecklitner,c,2,9,1,2,0,0,0,0,0,0,15,1,1,0.222
1966,1966 NBC player stats OCR.pdf,Kokomo (IN) Highlanders,Fry,ss,2,7,0,1,0,0,0,1,0,0,1,4,10,0.143
1966,1966 NBC player stats OCR.pdf,Kokomo (IN) Highlanders,Brade,p-lf,2,10,0,1,1,0,0,0,1,0,0,2,0,0.1
1966,1966 NBC player stats OCR.pdf,Kokomo (IN) Highlanders,Bomar,1b,2,7,1,0,0,0,0,0,0,0,22,2,0,0.0
1966,1966 NBC player stats OCR.pdf,Kokomo (IN) Highlanders,Harris,p,2,0,0,0,0,0,0,1,0,0,0,0,0,0.0
1966,1966 NBC player stats OCR.pdf,Kokomo (IN) Highlanders,M. Smith,nan,2,2,0,0,0,0,0,0,1,0,0,0,0,0.0
1966,1966 NBC player stats OCR.pdf,Kokomo (IN) Highlanders,Avery,3b-lf,2,3,0,0,0,0,0,0,0,0,1,1,0,0.0
1966,1966 NBC player stats OCR.pdf,Kokomo (IN) Highlanders,S. Snyder,p,1,1,0,0,0,0,0,0,0,0,0,3,0,0.0
1966,1966 NBC player stats OCR.pdf,Kokomo (IN) Highlanders,Schubach,p,1,0,0,0,0,0,0,0,0,0,0,2,0,0.0
,,,,,,,,,,,,,,,,,,
1966,1966 NBC player stats OCR.pdf,Lansing (IL) Old Timers,Baird,2b,3,8,3,3,0,0,0,1,1,0,6,5,0,0.375
1966,1966 NBC player stats OCR.pdf,Lansing (IL) Old Timers,Vierk,3b,3,11,1,4,0,0,0,0,0,0,3,3,1,0.364
1966,1966 NBC player stats OCR.pdf,Lansing (IL) Old Timers,Cann,cf,3,9,1,3,1,0,0,1,0,1,8,0,0,0.333
1966,1966 NBC player stats OCR.pdf,Lansing (IL) Old Timers,Tate,p,1,3,1,1,0,0,0,0,0,0,1,0,0,0.333
1966,1966 NBC player stats OCR.pdf,Lansing (IL) Old Timers,Bekeza,lf-2b,2,7,1,2,0,0,0,1,0,0,4,0,0,0.286
1966,1966 NBC player stats OCR.pdf,Lansing (IL) Old Timers,Koselke,1b,3,12,1,2,0,0,1,0,0,2,25,3,0,0.167
1966,1966 NBC player stats OCR.pdf,Lansing (IL) Old Timers,Kowack,c,2,6,0,1,0,0,0,0,0,2,22,3,1,0.167
1966,1966 NBC player stats OCR.pdf,Lansing (IL) Old Timers,R. Valiska,ss,3,10,0,1,1,0,0,0,1,0,2,13,0,0.1
1966,1966 NBC player stats OCR.pdf,Lansing (IL) Old Timers,Cuyler,rf,3,10,1,1,0,0,0,0,0,2,5,0,0,0.1
1966,1966 NBC player stats OCR.pdf,Lansing (IL) Old Timers,Converse,lf,1,3,0,0,0,0,0,0,0,0,1,0,0,0.0
1966,1966 NBC player stats OCR.pdf,Lansing (IL) Old Timers,Smoot,p,1,2,0,0,0,0,0,0,0,0,0,1,0,0.0
1966,1966 NBC player stats OCR.pdf,Lansing (IL) Old Timers,Abraytis,p,2,2,0,0,0,0,0,0,0,0,0,0,0,0.0
1966,1966 NBC player stats OCR.pdf,Lansing (IL) Old Timers,Teutemacher,p,2,1,0,0,0,0,0,0,0,0,1,3,0,0.0
1966,1966 NBC player stats OCR.pdf,Lansing (IL) Old Timers,Green,lf,1,3,0,0,0,0,0,0,0,0,0,0,0,0.0
1966,1966 NBC player stats OCR.pdf,Lansing (IL) Old Timers,Pecora,nan,1,1,0,0,0,0,0,0,0,0,0,0,0,0.0
,,,,,,,,,,,,,,,,,,
1966,1966 NBC player stats OCR.pdf,Liberal (KS) BeeJays,Yawn,1b,4,15,3,4,2,0,1,0,0,3,37,4,3,0.267
1966,1966 NBC player stats OCR.pdf,Liberal (KS) BeeJays,Alsup,3b,2,4,0,1,0,0,0,0,1,1,2,2,0,0.25
1966,1966 NBC player stats OCR.pdf,Liberal (KS) BeeJays,Matthews,rf,4,15,3,3,0,0,0,1,0,1,9,0,0,0.2
1966,1966 NBC player stats OCR.pdf,Liberal (KS) BeeJays,Ryan,2b,4,17,2,3,0,0,0,6,0,1,5,10,1,0.176
1966,1966 NBC player stats OCR.pdf,Liberal (KS) BeeJays,Griffith,lf,4,12,4,2,0,0,1,0,0,4,5,1,1,0.167
1966,1966 NBC player stats OCR.pdf,Liberal (KS) BeeJays,Cruz,cf,4,15,3,2,0,0,1,0,0,3,4,0,1,0.133
1966,1966 NBC player stats OCR.pdf,Liberal (KS) BeeJays,Monzon,3b,4,12,4,1,0,0,0,2,0,1,2,7,2,0.083
1966,1966 NBC player stats OCR.pdf,Liberal (KS) BeeJays,J. Henderson,c,4,14,2,1,0,0,0,0,0,1,27,1,0,0.071
1966,1966 NBC player stats OCR.pdf,Liberal (KS) BeeJays,Cain,ss,4,11,2,0,0,0,0,0,1,2,4,12,4,0.0
1966,1966 NBC player stats OCR.pdf,Liberal (KS) BeeJays,Hammett,p,2,3,0,0,0,0,0,0,1,0,1,4,0,0.0
1966,1966 NBC player stats OCR.pdf,Liberal (KS) BeeJays,Toomey,p,2,1,0,0,0,0,0,0,1,0,1,2,0,0.0
1966,1966 NBC player stats OCR.pdf,Liberal (KS) BeeJays,Newkirk,p,3,1,0,0,0,0,0,0,1,0,0,0,0,0.0
1966,1966 NBC player stats OCR.pdf,Liberal (KS) BeeJays,Johnson,p,2,0,0,0,0,0,0,0,0,0,0,0,0,0.0
1966,1966 NBC player stats OCR.pdf,Liberal (KS) BeeJays,Bethune,p,1,0,0,0,0,0,0,0,0,0,0,0,0,0.0
1966,1966 NBC player stats OCR.pdf,Liberal (KS) BeeJays,Vincent,p,2,0,0,0,0,0,0,0,0,0,1,2,0,0.0
1966,1966 NBC player stats OCR.pdf,Liberal (KS) BeeJays,Bizzo,nan,1,1,0,0,0,0,0,0,0,0,0,0,0,0.0
,,,,,,,,,,,,,,,,,,
1966,1966 NBC player stats OCR.pdf,Lubbock (TX) Hubbers,Palmer,c,5,21,4,10,0,1,1,1,0,3,25,4,2,0.476
1966,1966 NBC player stats OCR.pdf,Lubbock (TX) Hubbers,Henderson,ss,6,21,4,7,2,0,0,0,0,2,9,16,2,0.333
1966,1966 NBC player stats OCR.pdf,Lubbock (TX) Hubbers,Dement,lf,6,23,3,7,2,0,2,1,0,6,5,0,0,0.304
1966,1966 NBC player stats OCR.pdf,Lubbock (TX) Hubbers,Bumpass,rf-3b,6,18,1,5,0,0,0,0,1,1,10,8,1,0.278
1966,1966 NBC player stats OCR.pdf,Lubbock (TX) Hubbers,Segriat,3b,5,11,1,3,0,0,0,0,1,1,2,5,1,0.273
1966,1966 NBC player stats OCR.pdf,Lubbock (TX) Hubbers,Boyd,1b,6,23,3,6,2,0,0,0,0,3,56,4,1,0.261
1966,1966 NBC player stats OCR.pdf,Lubbock (TX) Hubbers,Willett,2b,6,24,4,6,1,0,0,0,1,4,18,24,3,0.25
1966,1966 NBC player stats OCR.pdf,Lubbock (TX) Hubbers,Hillhouse,p,3,6,2,1,0,0,0,0,1,0,1,6,0,0.167
1966,1966 NBC player stats OCR.pdf,Lubbock (TX) Hubbers,Haggard,cf,6,26,3,4,0,0,0,0,1,3,0,1,0,0.154
1966,1966 NBC player stats OCR.pdf,Lubbock (TX) Hubbers,Hampton,rf,5,11,1,1,0,0,0,0,0,0,4,0,0,0.091
1966,1966 NBC player stats OCR.pdf,Lubbock (TX) Hubbers,Hopper,c,2,3,0,0,0,0,0,0,0,0,13,0,0,0.0
1966,1966 NBC player stats OCR.pdf,Lubbock (TX) Hubbers,Henson,p,3,10,0,0,0,0,0,0,0,0,1,3,0,0.0
1966,1966 NBC player stats OCR.pdf,Lubbock (TX) Hubbers,Hughes,p,2,2,0,0,0,0,0,0,0,0,0,3,0,0.0
1966,1966 NBC player stats OCR.pdf,Lubbock (TX) Hubbers,McDougall,p,1,2,0,0,0,0,0,0,0,0,0,3,0,0.0
1966,1966 NBC player stats OCR.pdf,Lubbock (TX) Hubbers,Felts,p,3,0,0,0,0,0,0,0,0,0,0,1,0,0.0
1966,1966 NBC player stats OCR.pdf,Lubbock (TX) Hubbers,Whitaker,p,1,0,0,0,0,0,0,0,0,0,0,0,0,0.0
,,,,,,,,,,,,,,,,,,
1966,1966 NBC player stats OCR.pdf,Mexico (MO) Sports,Cummins,lf,2,2,0,1,0,0,0,0,0,0,4,0,1,0.5
1966,1966 NBC player stats OCR.pdf,Mexico (MO) Sports,Jacobus,1b,2,7,1,3,0,0,0,0,0,2,10,0,0,0.429
1966,1966 NBC player stats OCR.pdf,Mexico (MO) Sports,Price,2b,2,7,2,2,0,0,1,0,0,2,3,2,0,0.286
1966,1966 NBC player stats OCR.pdf,Mexico (MO) Sports,Stroupe,ss,2,8,1,2,0,0,1,0,0,2,0,2,1,0.25
1966,1966 NBC player stats OCR.pdf,Mexico (MO) Sports,Woods,lf,2,5,0,1,0,0,0,0,0,0,5,0,0,0.2
1966,1966 NBC player stats OCR.pdf,Mexico (MO) Sports,Meyers,rf,2,6,2,1,0,0,0,0,0,0,5,1,0,0.167
1966,1966 NBC player stats OCR.pdf,Mexico (MO) Sports,McDannold,cf,2,7,1,1,0,0,0,0,0,0,3,0,0,0.143
1966,1966 NBC player stats OCR.pdf,Mexico (MO) Sports,Uriarte,3b,2,8,0,1,0,0,0,1,0,0,3,4,0,0.125
1966,1966 NBC player stats OCR.pdf,Mexico (MO) Sports,Bechtold,c,2,7,0,0,0,0,0,0,0,0,18,2,0,0.0
1966,1966 NBC player stats OCR.pdf,Mexico (MO) Sports,McFarland,p,1,3,0,0,0,0,0,0,0,0,0,0,0,0.0
1966,1966 NBC player stats OCR.pdf,Mexico (MO) Sports,Hanson,p,1,3,0,0,0,0,0,0,0,0,0,0,1,0.0
,,,,,,,,,,,,,,,,,,
1966,1966 NBC player stats OCR.pdf,Miami (FL) Dodgers,Sarron,cf,2,7,1,6,1,0,0,0,1,1,8,0,0,0.857
1966,1966 NBC player stats OCR.pdf,Miami (FL) Dodgers,Crespo,ss,2,7,1,3,0,0,0,1,0,0,1,3,5,0.429
1966,1966 NBC player stats OCR.pdf,Miami (FL) Dodgers,Garvey,1b,2,7,1,3,1,0,0,0,0,0,16,0,0,0.429
1966,1966 NBC player stats OCR.pdf,Miami (FL) Dodgers,J. Monteagudo,rf-3b,2,5,0,2,0,0,0,0,1,1,5,1,0,0.4
1966,1966 NBC player stats OCR.pdf,Miami (FL) Dodgers,Lopez,3b-rf,2,6,0,0,0,0,0,0,0,0,2,1,0,0.0
1966,1966 NBC player stats OCR.pdf,Miami (FL) Dodgers,Maloney,c,2,7,0,0,0,0,0,0,0,0,10,0,0,0.0
1966,1966 NBC player stats OCR.pdf,Miami (FL) Dodgers,A. Monteagudo,lf,2,6,0,0,0,0,0,0,0,0,2,0,0,0.0
1966,1966 NBC player stats OCR.pdf,Miami (FL) Dodgers,Gomez,2b,2,4,0,0,0,0,0,0,0,0,2,2,0,0.0
1966,1966 NBC player stats OCR.pdf,Miami (FL) Dodgers,Baumgardner,p,2,1,0,0,0,0,0,0,0,0,0,0,1,0.0
1966,1966 NBC player stats OCR.pdf,Miami (FL) Dodgers,Serra,p,2,3,0,0,0,0,0,0,0,0,0,3,0,0.0
1966,1966 NBC player stats OCR.pdf,Miami (FL) Dodgers,Walsh,rf,2,1,0,0,0,0,0,0,0,0,0,0,0,0.0
1966,1966 NBC player stats OCR.pdf,Miami (FL) Dodgers,Griffin,p,1,1,0,0,0,0,0,0,0,0,0,1,0,0.0
1966,1966 NBC player stats OCR.pdf,Miami (FL) Dodgers,Siemanz,nan,1,0,0,0,0,0,0,0,0,0,0,0,0,0.0
,,,,,,,,,,,,,,,,,,
1966,1966 NBC player stats OCR.pdf,Middlesex (NC) Johnston County Stars,Askew,nan,2,2,0,1,0,0,0,0,0,0,0,6,0,0.5
1966,1966 NBC player stats OCR.pdf,Middlesex (NC) Johnston County Stars,Stone,p,1,2,0,1,0,1,0,0,0,1,0,3,2,0.5
1966,1966 NBC player stats OCR.pdf,Middlesex (NC) Johnston County Stars,Cashion,3b,4,14,2,5,0,1,1,0,1,4,4,11,3,0.357
1966,1966 NBC player stats OCR.pdf,Middlesex (NC) Johnston County Stars,Stephenson,p,3,6,1,2,0,0,0,0,2,0,1,6,0,0.333
1966,1966 NBC player stats OCR.pdf,Middlesex (NC) Johnston County Stars,Bullard,lf,4,12,3,3,0,0,1,1,0,1,2,1,2,0.25
1966,1966 NBC player stats OCR.pdf,Middlesex (NC) Johnston County Stars,Sasser,ss,4,13,1,3,1,0,0,0,1,0,7,11,5,0.231
1966,1966 NBC player stats OCR.pdf,Middlesex (NC) Johnston County Stars,Lamm,rf,4,14,0,2,0,0,0,0,2,0,2,0,0,0.143
1966,1966 NBC player stats OCR.pdf,Middlesex (NC) Johnston County Stars,Scott,c,4,14,0,2,0,0,0,0,1,0,31,3,0,0.143
1966,1966 NBC player stats OCR.pdf,Middlesex (NC) Johnston County Stars,Jackson,2b,4,17,1,2,0,0,0,0,1,1,13,16,3,0.118
1966,1966 NBC player stats OCR.pdf,Middlesex (NC) Johnston County Stars,Morris,1b,4,9,2,1,0,0,0,0,0,0,34,0,1,0.111
1966,1966 NBC player stats OCR.pdf,Middlesex (NC) Johnston County Stars,Renfrow,cf,4,11,0,1,0,0,0,1,0,0,5,1,0,0.091
1966,1966 NBC player stats OCR.pdf,Middlesex (NC) Johnston County Stars,Smith,nan,1,1,0,0,0,0,0,0,0,0,0,0,0,0.0
1966,1966 NBC player stats OCR.pdf,Middlesex (NC) Johnston County Stars,Weaver,1b,1,1,0,0,0,0,0,0,1,0,6,0,0,0.0
1966,1966 NBC player stats OCR.pdf,Middlesex (NC) Johnston County Stars,Ellen,p,1,2,0,0,0,0,0,0,0,0,0,1,0,0.0
,,,,,,,,,,,,,,,,,,
1966,1966 NBC player stats OCR.pdf,Milwaukee (WI) Allen-Bradley,Kaminski,lf,4,11,2,4,1,0,0,2,1,2,8,1,8,0.364
1966,1966 NBC player stats OCR.pdf,Milwaukee (WI) Allen-Bradley,Tarrolly,rf,4,14,3,5,1,0,1,1,0,5,3,1,0,0.357
1966,1966 NBC player stats OCR.pdf,Milwaukee (WI) Allen-Bradley,Starck,p,3,3,0,1,0,0,0,0,0,0,0,5,0,0.333
1966,1966 NBC player stats OCR.pdf,Milwaukee (WI) Allen-Bradley,Mueller,cf,4,12,1,3,1,0,0,2,0,2,12,1,0,0.25
1966,1966 NBC player stats OCR.pdf,Milwaukee (WI) Allen-Bradley,Hetzel,3b,1,4,0,1,0,0,0,0,0,1,1,2,0,0.25
1966,1966 NBC player stats OCR.pdf,Milwaukee (WI) Allen-Bradley,Setzer,c,3,10,1,2,1,0,0,0,0,1,20,0,1,0.2
1966,1966 NBC player stats OCR.pdf,Milwaukee (WI) Allen-Bradley,Williamson,2b,4,13,3,2,0,0,0,2,0,1,9,5,1,0.154
1966,1966 NBC player stats OCR.pdf,Milwaukee (WI) Allen-Bradley,Morzenti,1b,4,13,2,1,0,0,0,0,0,0,26,0,1,0.077
1966,1966 NBC player stats OCR.pdf,Milwaukee (WI) Allen-Bradley,Brzenk,ss,4,13,2,1,0,0,0,0,0,0,4,15,0,0.077
1966,1966 NBC player stats OCR.pdf,Milwaukee (WI) Allen-Bradley,Berezowitz,c-3b,4,14,1,0,0,0,0,0,0,0,8,0,0,0.0
1966,1966 NBC player stats OCR.pdf,Milwaukee (WI) Allen-Bradley,Byrd,p,1,3,0,0,0,0,0,0,0,0,0,1,0,0.0
1966,1966 NBC player stats OCR.pdf,Milwaukee (WI) Allen-Bradley,Peterson,p,1,3,0,0,0,0,0,0,0,0,0,0,0,0.0
1966,1966 NBC player stats OCR.pdf,Milwaukee (WI) Allen-Bradley,Shebesta,p,1,3,0,0,0,0,0,0,0,0,0,3,0,0.0
1966,1966 NBC player stats OCR.pdf,Milwaukee (WI) Allen-Bradley,Bennett,p,1,1,0,0,0,0,0,0,0,0,0,1,0,0.0
,,,,,,,,,,,,,,,,,,
1966,1966 NBC player stats OCR.pdf,Minneapolis (MN) Duffs,Reierson,lf,8,30,6,11,4,0,3,0,0,12,6,0,2,0.367
1966,1966 NBC player stats OCR.pdf,Minneapolis (MN) Duffs,Muck,ss,7,25,7,9,1,0,0,4,0,3,4,17,1,0.36
1966,1966 NBC player stats OCR.pdf,Minneapolis (MN) Duffs,Kelly,ss,2,3,1,1,0,0,0,1,0,0,1,5,0,0.333
1966,1966 NBC player stats OCR.pdf,Minneapolis (MN) Duffs,Markus,2b,8,23,7,7,1,0,0,1,0,3,18,21,1,0.304
1966,1966 NBC player stats OCR.pdf,Minneapolis (MN) Duffs,DeGregoire,cf,8,29,7,8,0,0,1,3,0,7,19,0,0,0.276
1966,1966 NBC player stats OCR.pdf,Minneapolis (MN) Duffs,Zacho,1b,8,32,4,8,2,0,1,2,0,5,60,1,2,0.25
1966,1966 NBC player stats OCR.pdf,Minneapolis (MN) Duffs,Nevers,p,4,8,3,2,0,0,0,0,1,2,1,7,2,0.25
1966,1966 NBC player stats OCR.pdf,Minneapolis (MN) Duffs,Jacobsen,rf-c,5,13,1,3,0,0,1,0,0,1,2,0,0,0.231
1966,1966 NBC player stats OCR.pdf,Minneapolis (MN) Duffs,Wickman,p,3,9,1,2,0,0,0,0,0,1,0,3,0,0.222
1966,1966 NBC player stats OCR.pdf,Minneapolis (MN) Duffs,Smoliak,rf-3b,3,5,0,1,0,0,0,0,0,0,1,0,0,0.2
1966,1966 NBC player stats OCR.pdf,Minneapolis (MN) Duffs,Love,3b,8,31,5,6,2,0,0,0,1,3,8,18,1,0.194
1966,1966 NBC player stats OCR.pdf,Minneapolis (MN) Duffs,Sevlie,p,4,6,1,1,0,0,0,0,1,0,0,0,2,0.167
1966,1966 NBC player stats OCR.pdf,Minneapolis (MN) Duffs,Sadek,c,8,23,4,3,0,0,0,1,0,1,53,2,0,0.13
1966,1966 NBC player stats OCR.pdf,Minneapolis (MN) Duffs,Robertson,rf,6,13,1,1,0,0,1,0,0,2,9,0,2,0.077
1966,1966 NBC player stats OCR.pdf,Minneapolis (MN) Duffs,Youngquist,p,1,0,0,0,0,0,0,0,0,0,1,0,0,0.0
,,,,,,,,,,,,,,,,,,
1966,1966 NBC player stats OCR.pdf,North Platte (NE) Gulf Oilers,Hilzer,3b,3,9,2,5,1,0,0,2,0,3,4,6,1,0.556
1966,1966 NBC player stats OCR.pdf,North Platte (NE) Gulf Oilers,Buda,rf,3,8,2,4,0,0,1,0,0,4,4,0,0,0.5
1966,1966 NBC player stats OCR.pdf,North Platte (NE) Gulf Oilers,Moscrey,2b,3,9,2,4,0,0,1,0,0,2,4,10,0,0.444
1966,1966 NBC player stats OCR.pdf,North Platte (NE) Gulf Oilers,Hunter,p,2,3,1,1,0,0,0,0,0,0,0,1,0,0.333
1966,1966 NBC player stats OCR.pdf,North Platte (NE) Gulf Oilers,Casper,c,3,7,2,2,0,0,0,0,1,0,10,3,0,0.286
1966,1966 NBC player stats OCR.pdf,North Platte (NE) Gulf Oilers,Lewis,lf,3,4,1,1,0,0,0,0,0,0,0,0,0,0.25
1966,1966 NBC player stats OCR.pdf,North Platte (NE) Gulf Oilers,Turdik,1b,3,10,1,2,0,0,0,0,0,0,28,0,0,0.2
1966,1966 NBC player stats OCR.pdf,North Platte (NE) Gulf Oilers,Salberg,ss,3,11,1,2,0,0,0,0,0,1,2,8,0,0.182
1966,1966 NBC player stats OCR.pdf,North Platte (NE) Gulf Oilers,Walters,cf,3,11,2,2,1,0,0,0,0,1,4,0,0,0.182
1966,1966 NBC player stats OCR.pdf,North Platte (NE) Gulf Oilers,Sinnett,c-lf,3,11,1,2,0,0,0,0,0,0,9,3,0,0.182
1966,1966 NBC player stats OCR.pdf,North Platte (NE) Gulf Oilers,Trumper,3b,2,4,0,0,0,0,0,0,0,0,0,1,1,0.0
1966,1966 NBC player stats OCR.pdf,North Platte (NE) Gulf Oilers,Szemplenski,p,1,0,0,0,0,0,0,0,0,0,0,0,0,0.0
1966,1966 NBC player stats OCR.pdf,North Platte (NE) Gulf Oilers,Wall,p,1,0,0,0,0,0,0,0,0,0,0,0,0,0.0
1966,1966 NBC player stats OCR.pdf,North Platte (NE) Gulf Oilers,Miller,p,1,2,0,0,0,0,0,1,0,0,0,3,0,0.0
1966,1966 NBC player stats OCR.pdf,North Platte (NE) Gulf Oilers,Hines,p,1,1,0,0,0,0,0,0,0,0,0,0,0,0.0
,,,,,,,,,,,,,,,,,,
1966,1966 NBC player stats OCR.pdf,Oklahoma City (OK) Dons,Fluke,p,1,1,1,1,0,0,0,0,0,0,0,1,0,1.0
1966,1966 NBC player stats OCR.pdf,Oklahoma City (OK) Dons,Cronley,1b-3b,2,10,2,4,0,0,0,0,1,0,3,3,1,0.4
1966,1966 NBC player stats OCR.pdf,Oklahoma City (OK) Dons,Cox,p-lf,2,5,1,2,0,0,1,0,0,0,1,1,0,0.4
1966,1966 NBC player stats OCR.pdf,Oklahoma City (OK) Dons,Rickey,cf-lf,3,13,1,5,0,0,1,1,0,4,5,0,1,0.385
1966,1966 NBC player stats OCR.pdf,Oklahoma City (OK) Dons,McDonald,2b,3,11,2,4,0,0,1,0,0,1,7,9,0,0.364
1966,1966 NBC player stats OCR.pdf,Oklahoma City (OK) Dons,Hoskison,3b-rf,3,12,2,4,0,0,0,0,0,0,2,2,1,0.333
1966,1966 NBC player stats OCR.pdf,Oklahoma City (OK) Dons,Christian,ss,3,13,1,3,0,0,0,0,3,1,10,1,1,0.231
1966,1966 NBC player stats OCR.pdf,Oklahoma City (OK) Dons,Kierns,rf,3,5,1,1,0,0,0,0,0,0,2,0,0,0.2
1966,1966 NBC player stats OCR.pdf,Oklahoma City (OK) Dons,Schriener,rf-1b,3,11,0,2,0,0,0,0,0,0,26,0,1,0.182
1966,1966 NBC player stats OCR.pdf,Oklahoma City (OK) Dons,Shaw,cf,3,10,0,1,0,0,0,0,0,0,3,1,0,0.1
1966,1966 NBC player stats OCR.pdf,Oklahoma City (OK) Dons,Kennedy,c,3,13,0,1,0,0,0,0,0,1,23,1,1,0.077
1966,1966 NBC player stats OCR.pdf,Oklahoma City (OK) Dons,Pinkerton,p,2,3,0,0,0,0,0,0,0,0,0,4,1,0.0
1966,1966 NBC player stats OCR.pdf,Oklahoma City (OK) Dons,Adams,p,1,0,0,0,0,0,0,0,0,0,0,0,0,0.0
1966,1966 NBC player stats OCR.pdf,Oklahoma City (OK) Dons,Robinson,rf,1,0,1,0,0,0,0,0,0,0,0,0,1,0.0
,,,,,,,,,,,,,,,,,,
1966,1966 NBC player stats OCR.pdf,Savageville (VA) Red Highlanders,Cropper,3b,2,5,0,2,0,0,0,0,0,0,5,2,1,0.4
1966,1966 NBC player stats OCR.pdf,Savageville (VA) Red Highlanders,Smith,2b,2,6,1,2,0,0,0,0,0,0,6,5,1,0.333
1966,1966 NBC player stats OCR.pdf,Savageville (VA) Red Highlanders,Matthews,c,2,5,0,1,0,0,0,1,0,0,16,1,0,0.2
1966,1966 NBC player stats OCR.pdf,Savageville (VA) Red Highlanders,Parker,cf,2,5,0,1,0,0,0,0,0,0,0,1,0,0.2
1966,1966 NBC player stats OCR.pdf,Savageville (VA) Red Highlanders,R. Davis,lf-rf,2,5,0,1,0,0,0,0,0,0,1,0,0,0.2
1966,1966 NBC player stats OCR.pdf,Savageville (VA) Red Highlanders,Chandler,p-1b,2,5,0,1,0,0,0,0,0,0,7,1,1,0.2
1966,1966 NBC player stats OCR.pdf,Savageville (VA) Red Highlanders,Sutton,lf-p-1b,2,5,1,0,0,0,0,1,0,0,3,0,1,0.0
1966,1966 NBC player stats OCR.pdf,Savageville (VA) Red Highlanders,Satchel,ss,2,5,0,0,0,0,0,0,0,0,2,4,1,0.0
1966,1966 NBC player stats OCR.pdf,Savageville (VA) Red Highlanders,Ames,p-lf-rf,2,5,0,0,0,0,0,0,0,0,2,1,0,0.0
,,,,,,,,,,,,,,,,,,
1966,1966 NBC player stats OCR.pdf,Slater (IA) Nite Hawks,Zahn,p,1,1,1,1,0,0,0,1,1,0,1,1,0,1.0
1966,1966 NBC player stats OCR.pdf,Slater (IA) Nite Hawks,Van Der Heyden,cf,2,7,1,4,1,0,0,0,0,1,5,0,1,0.571
1966,1966 NBC player stats OCR.pdf,Slater (IA) Nite Hawks,Ellis,ss-rf,2,2,0,1,0,0,0,0,0,0,0,0,0,0.5
1966,1966 NBC player stats OCR.pdf,Slater (IA) Nite Hawks,Marineav,cf,2,5,0,2,0,0,0,0,0,0,3,0,0,0.4
1966,1966 NBC player stats OCR.pdf,Slater (IA) Nite Hawks,R. Locker,lf,3,11,0,4,0,0,0,0,0,3,2,0,0,0.364
1966,1966 NBC player stats OCR.pdf,Slater (IA) Nite Hawks,Bitter,rf-p,2,6,1,2,0,0,0,0,0,0,1,0,0,0.333
1966,1966 NBC player stats OCR.pdf,Slater (IA) Nite Hawks,Case,rf,2,7,1,2,1,0,0,0,0,1,0,0,0,0.286
1966,1966 NBC player stats OCR.pdf,Slater (IA) Nite Hawks,Blankenberg,3b,3,9,0,2,0,0,0,0,0,1,0,8,1,0.222
1966,1966 NBC player stats OCR.pdf,Slater (IA) Nite Hawks,Posegate,2b,3,10,1,2,0,0,1,1,1,1,9,5,1,0.2
1966,1966 NBC player stats OCR.pdf,Slater (IA) Nite Hawks,Mahoney,1b,3,11,3,2,1,1,0,0,0,0,17,3,0,0.182
1966,1966 NBC player stats OCR.pdf,Slater (IA) Nite Hawks,Kindhart,ss,3,10,0,1,0,0,0,1,0,0,5,0,0,0.1
1966,1966 NBC player stats OCR.pdf,Slater (IA) Nite Hawks,B. Locker,c,3,12,0,1,0,0,0,0,1,0,37,2,0,0.083
1966,1966 NBC player stats OCR.pdf,Slater (IA) Nite Hawks,Groth,p,1,3,0,0,0,0,0,0,0,0,1,1,0,0.0
1966,1966 NBC player stats OCR.pdf,Slater (IA) Nite Hawks,Kurtz,p,1,1,0,0,0,0,0,0,0,0,0,0,0,0.0
1966,1966 NBC player stats OCR.pdf,Slater (IA) Nite Hawks,Greene,p,1,0,0,0,0,0,0,0,0,0,0,0,0,0.0
,,,,,,,,,,,,,,,,,,
1966,1966 NBC player stats OCR.pdf,Smithfield (UT),Smith,p,1,1,1,0,0,0,0,0,0,0,0,0,0,1.0
1966,1966 NBC player stats OCR.pdf,Smithfield (UT),Geames,c,2,5,2,4,1,0,0,0,2,0,19,1,1,0.8
1966,1966 NBC player stats OCR.pdf,Smithfield (UT),Karren,3b,2,7,2,4,1,0,0,0,0,3,2,2,0,0.571
1966,1966 NBC player stats OCR.pdf,Smithfield (UT),Atkinson,lf,2,3,2,1,0,0,0,0,0,0,0,0,0,0.333
1966,1966 NBC player stats OCR.pdf,Smithfield (UT),Rindlisbacher,rf-2b,2,6,1,2,0,0,0,0,0,0,1,1,1,0.333
1966,1966 NBC player stats OCR.pdf,Smithfield (UT),Lugo,lf-p,2,6,0,2,1,0,0,0,3,0,2,1,1,0.333
1966,1966 NBC player stats OCR.pdf,Smithfield (UT),Reese,2b-ss,2,6,1,1,0,0,0,0,0,0,5,4,0,0.167
1966,1966 NBC player stats OCR.pdf,Smithfield (UT),Hyden,1b,2,5,1,0,0,0,0,0,1,1,9,0,0,0.0
1966,1966 NBC player stats OCR.pdf,Smithfield (UT),Schiess,ss-rf,2,5,1,0,0,0,0,0,0,0,1,0,1,0.0
1966,1966 NBC player stats OCR.pdf,Smithfield (UT),Christensen,cf,2,5,0,0,0,0,0,0,0,0,3,1,0,0.0
1966,1966 NBC player stats OCR.pdf,Smithfield (UT),Obray,lf,1,2,0,0,0,0,0,0,0,0,0,0,0,0.0
1966,1966 NBC player stats OCR.pdf,Smithfield (UT),Allen,p,1,1,0,0,0,0,0,0,0,0,0,0,0,0.0
1966,1966 NBC player stats OCR.pdf,Smithfield (UT),Millar,cf,2,1,0,0,0,0,0,0,0,0,0,0,0,0.0
1966,1966 NBC player stats OCR.pdf,Smithfield (UT),Mather,rf,1,0,0,0,0,0,0,0,0,0,1,0,0,0.0
1966,1966 NBC player stats OCR.pdf,Smithfield (UT),Hinckley,p-2b,2,2,0,0,0,0,0,0,0,0,0,0,0,0.0
1966,1966 NBC player stats OCR.pdf,Smithfield (UT),Malnar,ss,1,4,0,0,0,0,0,0,0,0,1,1,0,0.0
,,,,,,,,,,,,,,,,,,
1966,1966 NBC player stats OCR.pdf,Tucson (AZ) Jack Ellis Sporting Goods,Hinton,p,2,3,1,2,0,0,0,0,0,0,0,0,0,0.667
1966,1966 NBC player stats OCR.pdf,Tucson (AZ) Jack Ellis Sporting Goods,Karas,rf,4,14,4,7,0,0,2,0,0,7,4,0,1,0.5
1966,1966 NBC player stats OCR.pdf,Tucson (AZ) Jack Ellis Sporting Goods,D. Cota,nan,4,2,0,1,0,0,0,0,0,1,0,0,0,0.5
1966,1966 NBC player stats OCR.pdf,Tucson (AZ) Jack Ellis Sporting Goods,Anaya,3b-c,3,8,2,3,2,0,0,0,1,1,10,5,1,0.375
1966,1966 NBC player stats OCR.pdf,Tucson (AZ) Jack Ellis Sporting Goods,Munoz,3b-cf,3,11,2,4,2,0,0,0,1,3,3,0,0,0.364
1966,1966 NBC player stats OCR.pdf,Tucson (AZ) Jack Ellis Sporting Goods,Foster,1b,4,11,3,4,0,0,1,0,1,3,25,1,1,0.364
1966,1966 NBC player stats OCR.pdf,Tucson (AZ) Jack Ellis Sporting Goods,W. Johnson,3b-c,4,14,2,5,1,0,0,0,0,2,22,1,1,0.357
1966,1966 NBC player stats OCR.pdf,Tucson (AZ) Jack Ellis Sporting Goods,Hosner,p,2,3,1,1,0,0,0,0,0,0,1,0,0,0.333
1966,1966 NBC player stats OCR.pdf,Tucson (AZ) Jack Ellis Sporting Goods,Lewis,3b,1,4,0,1,0,0,0,0,0,0,1,1,2,0.25
1966,1966 NBC player stats OCR.pdf,Tucson (AZ) Jack Ellis Sporting Goods,Maxwell,ss,4,17,3,4,1,1,0,0,0,3,6,11,0,0.235
1966,1966 NBC player stats OCR.pdf,Tucson (AZ) Jack Ellis Sporting Goods,Casanega,2b,4,16,5,3,2,0,0,0,0,2,8,7,0,0.188
1966,1966 NBC player stats OCR.pdf,Tucson (AZ) Jack Ellis Sporting Goods,Martinez,p,3,6,0,1,1,0,0,0,0,1,3,3,1,0.167
1966,1966 NBC player stats OCR.pdf,Tucson (AZ) Jack Ellis Sporting Goods,Salazer,lf-cf,2,6,1,1,0,0,0,0,1,1,0,0,0,0.167
1966,1966 NBC player stats OCR.pdf,Tucson (AZ) Jack Ellis Sporting Goods,Hart,1b-lf,4,8,0,0,0,0,0,0,1,1,7,0,0,0.0
1966,1966 NBC player stats OCR.pdf,Tucson (AZ) Jack Ellis Sporting Goods,G. Cota Robles,p,1,3,0,0,0,0,0,0,0,0,0,1,0,0.0
1966,1966 NBC player stats OCR.pdf,Tucson (AZ) Jack Ellis Sporting Goods,Martin,p,2,2,0,0,0,0,0,0,1,0,0,1,0,0.0
1966,1966 NBC player stats OCR.pdf,Tucson (AZ) Jack Ellis Sporting Goods,Carrillio,3b,1,1,0,0,0,0,0,0,0,0,0,0,0,0.0
,,,,,,,,,,,,,,,,,,
1966,1966 NBC player stats OCR.pdf,Valdosta (GA) VFW Red Sox,Ferguson,p,1,2,0,1,0,0,0,0,0,0,0,1,0,0.5
1966,1966 NBC player stats OCR.pdf,Valdosta (GA) VFW Red Sox,Elder,lf-2b,3,8,1,3,0,0,0,0,0,0,6,3,1,0.375
1966,1966 NBC player stats OCR.pdf,Valdosta (GA) VFW Red Sox,Thomas,cf,3,15,0,5,0,0,0,0,0,2,7,0,0,0.333
1966,1966 NBC player stats OCR.pdf,Valdosta (GA) VFW Red Sox,S. Sumner,1b,3,12,0,4,1,0,0,1,1,1,23,0,2,0.333
1966,1966 NBC player stats OCR.pdf,Valdosta (GA) VFW Red Sox,Yeomans,3b,3,12,2,3,0,0,0,0,0,0,1,6,1,0.25
1966,1966 NBC player stats OCR.pdf,Valdosta (GA) VFW Red Sox,Barnes,rf,3,9,1,2,0,0,0,0,0,0,5,0,0,0.222
1966,1966 NBC player stats OCR.pdf,Valdosta (GA) VFW Red Sox,Moody,ss-2b,3,14,3,3,0,0,0,0,0,0,7,6,2,0.214
1966,1966 NBC player stats OCR.pdf,Valdosta (GA) VFW Red Sox,Copeland,p-lf,2,5,0,1,0,0,0,0,0,0,1,3,0,0.2
1966,1966 NBC player stats OCR.pdf,Valdosta (GA) VFW Red Sox,Reaves,ss-lf,3,13,0,2,0,0,0,0,1,0,8,4,2,0.154
1966,1966 NBC player stats OCR.pdf,Valdosta (GA) VFW Red Sox,Payne,c,3,10,1,1,0,0,0,1,0,0,28,4,1,0.1
1966,1966 NBC player stats OCR.pdf,Valdosta (GA) VFW Red Sox,Clark,p,2,4,0,0,0,0,0,1,0,0,0,3,0,0.0
1966,1966 NBC player stats OCR.pdf,Valdosta (GA) VFW Red Sox,Billingham,p,2,0,0,0,0,0,0,0,0,0,0,0,0,0.0
,,,,,,,,,,,,,,,,,,
1966,1966 NBC player stats OCR.pdf,Valley Stream (NY) Acme Plumbing Supply,Roth,p,2,2,0,1,0,0,0,0,0,0,0,2,1,0.5
1966,1966 NBC player stats OCR.pdf,Valley Stream (NY) Acme Plumbing Supply,Gipp,p,2,2,1,1,0,0,0,0,0,0,0,0,0,0.5
1966,1966 NBC player stats OCR.pdf,Valley Stream (NY) Acme Plumbing Supply,Gennaro,cf-lf,3,11,1,5,1,0,0,1,0,3,8,0,0,0.455
1966,1966 NBC player stats OCR.pdf,Valley Stream (NY) Acme Plumbing Supply,La Rocca,c,3,9,1,3,1,0,0,0,0,1,23,3,0,0.333
1966,1966 NBC player stats OCR.pdf,Valley Stream (NY) Acme Plumbing Supply,Shindler,2b,3,13,2,4,0,0,0,0,1,1,8,11,0,0.308
1966,1966 NBC player stats OCR.pdf,Valley Stream (NY) Acme Plumbing Supply,Frohman,rf,3,8,1,2,0,0,0,0,0,0,7,0,0,0.25
1966,1966 NBC player stats OCR.pdf,Valley Stream (NY) Acme Plumbing Supply,Cusack,ss,3,13,1,3,0,0,0,0,0,0,4,2,0,0.231
1966,1966 NBC player stats OCR.pdf,Valley Stream (NY) Acme Plumbing Supply,Buris,3b,3,11,2,2,0,0,1,1,1,1,5,4,0,0.182
1966,1966 NBC player stats OCR.pdf,Valley Stream (NY) Acme Plumbing Supply,Rosenthal,1b,3,10,0,1,0,0,0,0,1,0,18,0,1,0.1
1966,1966 NBC player stats OCR.pdf,Valley Stream (NY) Acme Plumbing Supply,Cole,lf-cf,3,11,2,1,0,0,0,0,0,3,6,0,2,0.091
1966,1966 NBC player stats OCR.pdf,Valley Stream (NY) Acme Plumbing Supply,Schwartz,p,2,2,1,0,0,0,0,0,0,0,1,0,0,0.0
1966,1966 NBC player stats OCR.pdf,Valley Stream (NY) Acme Plumbing Supply,Flowers,p,2,1,0,0,0,0,0,0,0,0,0,1,0,0.0
1966,1966 NBC player stats OCR.pdf,Valley Stream (NY) Acme Plumbing Supply,Joseph,nan,1,0,0,0,0,0,0,0,0,0,0,0,0,0.0
,,,,,,,,,,,,,,,,,,
1966,1966 NBC player stats OCR.pdf,West Point (MS) Packers,Farrah,p,1,1,1,1,0,0,0,0,0,0,0,0,0,1.0
1966,1966 NBC player stats OCR.pdf,West Point (MS) Packers,Goodwin,cf,2,8,0,6,1,0,0,0,0,1,1,0,0,0.75
1966,1966 NBC player stats OCR.pdf,West Point (MS) Packers,Scott,ss-2b,7,29,8,12,1,0,3,1,0,9,15,26,5,0.414
1966,1966 NBC player stats OCR.pdf,West Point (MS) Packers,Green,c,5,18,4,7,2,0,1,0,1,5,9,0,0,0.389
1966,1966 NBC player stats OCR.pdf,West Point (MS) Packers,Williams,2b,7,26,4,10,3,0,0,1,0,5,7,15,1,0.385
1966,1966 NBC player stats OCR.pdf,West Point (MS) Packers,Portera,2b-3b-c-lf,6,24,4,8,1,0,1,0,0,2,16,0,1,0.333
1966,1966 NBC player stats OCR.pdf,West Point (MS) Packers,Trapani,lf-1b,7,25,6,8,1,0,1,1,0,3,38,2,2,0.32
1966,1966 NBC player stats OCR.pdf,West Point (MS) Packers,Brandhurst,c,7,27,2,7,1,0,0,0,1,1,36,1,0,0.259
1966,1966 NBC player stats OCR.pdf,West Point (MS) Packers,M. McWilliams,rf,7,26,8,6,0,1,3,0,0,6,8,0,0,0.231
1966,1966 NBC player stats OCR.pdf,West Point (MS) Packers,Parker,ss-3b-2b,7,23,3,5,0,0,0,0,0,3,4,7,2,0.217
1966,1966 NBC player stats OCR.pdf,West Point (MS) Packers,Purvis,1b,6,14,1,3,0,0,0,0,0,1,26,1,3,0.214
1966,1966 NBC player stats OCR.pdf,West Point (MS) Packers,Echols,p,3,6,0,1,0,0,0,0,0,1,1,1,0,0.167
1966,1966 NBC player stats OCR.pdf,West Point (MS) Packers,Dillard,p,1,0,0,0,0,0,0,0,0,0,0,0,0,0.0
1966,1966 NBC player stats OCR.pdf,West Point (MS) Packers,G. McWilliams,p,1,1,0,0,0,0,0,0,1,0,1,0,0,0.0
1966,1966 NBC player stats OCR.pdf,West Point (MS) Packers,Carroll,p,3,4,0,0,0,0,0,0,2,0,0,6,0,0.0
1966,1966 NBC player stats OCR.pdf,West Point (MS) Packers,Burchardt,p,4,8,1,0,0,0,0,0,0,1,0,2,0,0.0
1966,1966 NBC player stats OCR.pdf,West Point (MS) Packers,Allen,p,2,2,0,0,0,0,0,0,0,0,0,2,0,0.0
,,,,,,,,,,,,,,,,,,
1966,1966 NBC player stats OCR.pdf,Wichita (KS) Dreamliners,Baker,nan,2,2,0,1,0,0,0,0,0,0,0,0,0,0.5
1966,1966 NBC player stats OCR.pdf,Wichita (KS) Dreamliners,Pendleton,lf,6,20,5,9,3,0,2,1,0,11,3,0,0,0.45
1966,1966 NBC player stats OCR.pdf,Wichita (KS) Dreamliners,Marler,rf,6,25,8,11,1,0,1,0,0,3,6,1,0,0.44
1966,1966 NBC player stats OCR.pdf,Wichita (KS) Dreamliners,Bishop,c,6,15,4,5,2,0,1,0,1,7,30,3,0,0.333
1966,1966 NBC player stats OCR.pdf,Wichita (KS) Dreamliners,Neal,2b,6,25,4,8,4,0,0,0,0,2,15,22,4,0.32
1966,1966 NBC player stats OCR.pdf,Wichita (KS) Dreamliners,Boyd,1b,6,23,5,7,0,0,0,0,0,7,64,5,2,0.304
1966,1966 NBC player stats OCR.pdf,Wichita (KS) Dreamliners,Schaub,cf,2,7,1,2,0,0,1,0,0,1,6,0,0,0.286
1966,1966 NBC player stats OCR.pdf,Wichita (KS) Dreamliners,Bloomfield,ss,6,25,3,7,0,0,0,1,2,2,13,18,1,0.28
1966,1966 NBC player stats OCR.pdf,Wichita (KS) Dreamliners,Scherich,3b,4,15,2,4,0,0,0,0,0,1,5,5,0,0.267
1966,1966 NBC player stats OCR.pdf,Wichita (KS) Dreamliners,Kanehl,cf,5,6,4,1,0,0,0,0,0,0,5,0,1,0.167
1966,1966 NBC player stats OCR.pdf,Wichita (KS) Dreamliners,Soergel,p,6,6,1,1,0,0,0,0,1,0,0,8,0,0.167
1966,1966 NBC player stats OCR.pdf,Wichita (KS) Dreamliners,Kern,3b,3,8,2,2,0,0,0,0,0,0,3,6,1,0.125
1966,1966 NBC player stats OCR.pdf,Wichita (KS) Dreamliners,Deitz,p,4,7,0,0,0,0,0,0,0,0,0,7,0,0.0
1966,1966 NBC player stats OCR.pdf,Wichita (KS) Dreamliners,Melton,p,2,1,0,0,0,0,0,0,0,0,0,0,0,0.0
1966,1966 NBC player stats OCR.pdf,Wichita (KS) Dreamliners,Gillick,p,1,0,0,0,0,0,0,0,0,0,0,2,0,0.0
1966,1966 NBC player stats OCR.pdf,Wichita (KS) Dreamliners,Borland,p,3,3,0,0,0,0,0,0,0,0,1,1,0,0.0
1966,1966 NBC player stats OCR.pdf,Wichita (KS) Dreamliners,Moore,p,2,0,0,0,0,0,0,0,0,0,0,0,0,0.0
,,,,,,,,,,,,,,,,,,
1966,1966 NBC player stats OCR.pdf,Wichita (KS) Service Auto Glass,Hubbard,p,2,3,0,2,0,0,0,0,0,0,0,2,0,0.667
1966,1966 NBC player stats OCR.pdf,Wichita (KS) Service Auto Glass,Schomaker,c,5,17,2,9,1,0,1,0,0,7,49,2,1,0.529
1966,1966 NBC player stats OCR.pdf,Wichita (KS) Service Auto Glass,Lewis,p,3,6,1,3,0,0,1,0,0,6,0,0,0,0.5
1966,1966 NBC player stats OCR.pdf,Wichita (KS) Service Auto Glass,Casidy,rf-cf,5,17,6,7,1,1,0,0,0,3,11,0,1,0.412
1966,1966 NBC player stats OCR.pdf,Wichita (KS) Service Auto Glass,Kelley,ss,5,20,5,8,0,0,3,0,0,4,7,12,1,0.4
1966,1966 NBC player stats OCR.pdf,Wichita (KS) Service Auto Glass,Sanders,3b,3,21,6,8,1,0,1,0,1,6,4,7,2,0.381
1966,1966 NBC player stats OCR.pdf,Wichita (KS) Service Auto Glass,Foss,p,2,3,0,1,0,0,0,0,0,0,0,0,0,0.333
1966,1966 NBC player stats OCR.pdf,Wichita (KS) Service Auto Glass,Dillon,cf,2,3,0,1,0,0,0,0,0,0,0,0,0,0.333
1966,1966 NBC player stats OCR.pdf,Wichita (KS) Service Auto Glass,O'Donnell,rf,5,19,1,6,0,1,0,0,0,2,5,0,2,0.316
1966,1966 NBC player stats OCR.pdf,Wichita (KS) Service Auto Glass,Morris,lf,5,15,3,4,0,0,1,0,0,1,3,0,0,0.267
1966,1966 NBC player stats OCR.pdf,Wichita (KS) Service Auto Glass,Myrtle,2b,5,19,2,5,2,0,0,1,0,2,5,10,0,0.263
1966,1966 NBC player stats OCR.pdf,Wichita (KS) Service Auto Glass,Rasmussen,1b,5,18,4,4,0,0,0,0,0,0,37,3,1,0.222
1966,1966 NBC player stats OCR.pdf,Wichita (KS) Service Auto Glass,Carter,lf,3,5,1,1,0,0,0,0,0,0,1,0,0,0.2
1966,1966 NBC player stats OCR.pdf,Wichita (KS) Service Auto Glass,Davis,p,2,3,0,0,0,0,0,0,1,0,0,0,0,0.0
1966,1966 NBC player stats OCR.pdf,Wichita (KS) Service Auto Glass,McLain,p,1,2,1,0,0,0,0,0,0,0,0,2,0,0.0
1966,1966 NBC player stats OCR.pdf,Wichita (KS) Service Auto Glass,Gabler,p,1,1,0,0,0,0,0,0,0,0,0,1,0,0.0
,,,,,,,,,,,,,,,,,,
1966,1966 NBC player stats OCR.pdf,Yerrington (NV) Copper Kings,Foshee,p,2,1,0,1,0,0,0,0,0,0,1,0,0,1.0
1966,1966 NBC player stats OCR.pdf,Yerrington (NV) Copper Kings,Peracchi,1b-rf,2,7,1,4,0,0,1,0,0,1,6,0,0,0.571
1966,1966 NBC player stats OCR.pdf,Yerrington (NV) Copper Kings,Maloy,lf,1,3,0,1,1,0,0,0,0,0,3,0,0,0.333
1966,1966 NBC player stats OCR.pdf,Yerrington (NV) Copper Kings,Miller,lf-3b,2,7,0,2,0,0,1,0,0,1,4,2,0,0.286
1966,1966 NBC player stats OCR.pdf,Yerrington (NV) Copper Kings,Montoya,2b,2,7,0,1,0,0,0,0,0,0,1,3,1,0.143
1966,1966 NBC player stats OCR.pdf,Yerrington (NV) Copper Kings,Ayala,ss-3b,2,7,0,1,0,0,0,0,0,0,7,1,0,0.143
1966,1966 NBC player stats OCR.pdf,Yerrington (NV) Copper Kings,Small,cf,2,6,1,0,0,0,0,0,0,0,1,0,0,0.0
1966,1966 NBC player stats OCR.pdf,Yerrington (NV) Copper Kings,Wagner,1b,1,3,0,0,0,0,0,0,0,0,9,3,0,0.0
1966,1966 NBC player stats OCR.pdf,Yerrington (NV) Copper Kings,Myers,c,1,3,0,0,0,0,0,0,0,0,2,2,0,0.0
1966,1966 NBC player stats OCR.pdf,Yerrington (NV) Copper Kings,F. Dallimore,p,1,1,0,0,0,0,0,0,0,0,0,1,2,0.0
1966,1966 NBC player stats OCR.pdf,Yerrington (NV) Copper Kings,Snyder,ss,2,3,0,0,0,0,0,0,0,0,1,1,2,0.0
1966,1966 NBC player stats OCR.pdf,Yerrington (NV) Copper Kings,J. Dallimore,c,2,4,0,0,0,0,0,0,0,0,12,0,0,0.0
1966,1966 NBC player stats OCR.pdf,Yerrington (NV) Copper Kings,Stephenson,p,1,0,0,0,0,0,0,0,0,0,0,0,0,0.0
1966,1966 NBC player stats OCR.pdf,Yerrington (NV) Copper Kings,McKinnon,rf,1,3,0,0,0,0,0,0,0,0,0,0,0,0.0
1966,1966 NBC player stats OCR.pdf,Yerrington (NV) Copper Kings,Doyle,p,1,2,0,0,0,0,0,0,0,0,0,3,0,0.0
,,,,,,,,,,,,,,,,,,
2023,2023_Final_team_stats.pdf,Arlington Baptist TX Patriots,Corbin Evans,,1,1,1,1,0,0,0,0,0,1,1,0,0,1.000
2023,2023_Final_team_stats.pdf,Arlington Baptist TX Patriots,Jaxson Evans,,3,9,3,4,0,0,0,0,0,3,5,0,0,.444
2023,2023_Final_team_stats.pdf,Arlington Baptist TX Patriots,Alex Endell,,2,3,0,1,0,0,0,1,0,0,1,0,1,.333
2023,2023_Final_team_stats.pdf,Arlington Baptist TX Patriots,Alex Aleman,,4,13,2,4,1,0,0,0,0,4,17,3,1,.308
2023,2023_Final_team_stats.pdf,Arlington Baptist TX Patriots,Francisco Ochoa,,4,14,0,4,1,0,0,0,0,3,4,7,0,.286
2023,2023_Final_team_stats.pdf,Arlington Baptist TX Patriots,Jacob Ovalle,,4,11,4,3,0,0,0,0,0,0,5,9,1,.273
2023,2023_Final_team_stats.pdf,Arlington Baptist TX Patriots,Layne Wilkerson,,4,14,1,3,0,0,1,0,0,4,3,0,0,.214
2023,2023_Final_team_stats.pdf,Arlington Baptist TX Patriots,Ty Keys,,4,11,2,2,0,0,0,1,0,0,11,0,0,.182
2023,2023_Final_team_stats.pdf,Arlington Baptist TX Patriots,Major Cantrell,,4,12,4,2,0,0,0,0,0,1,12,3,0,.167
2023,2023_Final_team_stats.pdf,Arlington Baptist TX Patriots,Lane Wilson,,3,6,0,1,0,0,0,0,0,1,0,0,0,.167
2023,2023_Final_team_stats.pdf,Arlington Baptist TX Patriots,Corbyn Torti,,2,7,0,1,0,0,0,0,0,0,3,1,0,.143
2023,2023_Final_team_stats.pdf,Arlington Baptist TX Patriots,Andrew Gonzales,,3,10,0,1,0,0,0,0,0,0,23,1,0,.100
2023,2023_Final_team_stats.pdf,Arlington Baptist TX Patriots,Ty Smeal,,2,4,0,0,0,0,0,0,0,0,5,0,0,.000
2023,2023_Final_team_stats.pdf,Arlington Baptist TX Patriots,Caleb Downard,,2,1,1,0,0,0,0,0,0,0,1,0,0,.000
2023,2023_Final_team_stats.pdf,Arlington Baptist TX Patriots,Jose Gutierrez,,1,1,0,0,0,0,0,0,0,0,0,0,0,.000
2023,2023_Final_team_stats.pdf,Arlington Baptist TX Patriots,Kyler Henegar,,1,1,0,0,0,0,0,0,0,0,0,0,0,.000
,,,,,,,,,,,,,,,,,,
2023,2023_Final_team_stats.pdf,Austin Lonestar TX Baseball Club,Rodrick Black,,5,20,5,9,1,2,0,3,1,4,5,6,3,.450
2023,2023_Final_team_stats.pdf,Austin Lonestar TX Baseball Club,Andre Jackson,,5,21,5,7,1,0,0,6,0,4,11,1,0,.333
2023,2023_Final_team_stats.pdf,Austin Lonestar TX Baseball Club,Keaton Grady,,5,17,5,5,0,0,0,5,0,4,2,11,2,.294
2023,2023_Final_team_stats.pdf,Austin Lonestar TX Baseball Club,Til Nalle,,5,17,2,4,2,0,0,0,0,1,35,1,0,.235
2023,2023_Final_team_stats.pdf,Austin Lonestar TX Baseball Club,Jamie Richey,,5,19,1,4,1,0,0,1,0,3,0,0,0,.211
2023,2023_Final_team_stats.pdf,Austin Lonestar TX Baseball Club,Kory Schmidt,,3,10,3,2,1,0,0,0,0,2,23,3,0,.200
2023,2023_Final_team_stats.pdf,Austin Lonestar TX Baseball Club,Ben Merriman,,4,12,0,2,1,0,0,2,0,1,8,0,0,.167
2023,2023_Final_team_stats.pdf,Austin Lonestar TX Baseball Club,Tony DeJesus,,5,17,1,2,0,0,0,3,0,3,10,13,3,.118
2023,2023_Final_team_stats.pdf,Austin Lonestar TX Baseball Club,Josh Zapata,,5,13,0,1,1,0,0,0,0,0,7,0,0,.077
2023,2023_Final_team_stats.pdf,Austin Lonestar TX Baseball Club,DJ Pinkerton,,5,9,2,0,0,0,0,1,0,1,3,0,0,.000
2023,2023_Final_team_stats.pdf,Austin Lonestar TX Baseball Club,Parker Collier,,3,5,3,0,0,0,0,0,0,1,21,1,0,.000
2023,2023_Final_team_stats.pdf,Austin Lonestar TX Baseball Club,Braylon Owens,,1,0,0,0,0,0,0,0,0,0,1,1,1,.000
2023,2023_Final_team_stats.pdf,Austin Lonestar TX Baseball Club,Xander Hall,,1,0,0,0,0,0,0,0,0,0,0,0,1,.000
2023,2023_Final_team_stats.pdf,Austin Lonestar TX Baseball Club,Travis Starkey,,4,0,2,0,0,0,0,1,1,1,6,0,0,.000
,,,,,,,,,,,,,,,,,,
2023,2023_Final_team_stats.pdf,Dallas Five Tool TX Kraken,Preston Curtis,,5,16,4,10,4,0,1,0,0,6,9,0,0,.625
2023,2023_Final_team_stats.pdf,Dallas Five Tool TX Kraken,Josh Livingston,,6,15,6,6,3,0,2,2,0,5,4,6,2,.400
2023,2023_Final_team_stats.pdf,Dallas Five Tool TX Kraken,Case Pettis,,6,19,4,7,1,0,1,0,0,7,2,13,1,.368
2023,2023_Final_team_stats.pdf,Dallas Five Tool TX Kraken,Chase Pendley,,6,24,7,5,0,0,0,4,0,0,13,15,1,.208
2023,2023_Final_team_stats.pdf,Dallas Five Tool TX Kraken,Cade Tucker,,6,21,3,4,0,0,0,1,0,5,46,2,0,.190
2023,2023_Final_team_stats.pdf,Dallas Five Tool TX Kraken,Preston Newberry,,6,16,1,3,0,0,0,1,0,3,10,0,0,.188
2023,2023_Final_team_stats.pdf,Dallas Five Tool TX Kraken,Ashten Wong,,6,11,3,2,0,0,0,1,0,2,4,0,1,.182
2023,2023_Final_team_stats.pdf,Dallas Five Tool TX Kraken,Juhlien Gonzalez,,6,24,4,4,1,0,0,0,0,3,3,5,3,.167
2023,2023_Final_team_stats.pdf,Dallas Five Tool TX Kraken,Caden Mitchell,,6,19,2,2,0,0,1,0,0,2,38,3,3,.105
2023,2023_Final_team_stats.pdf,Dallas Five Tool TX Kraken,Roe Forrest,,6,10,0,0,0,0,0,0,0,0,5,0,0,.000
2023,2023_Final_team_stats.pdf,Dallas Five Tool TX Kraken,Jalen Johnston,,1,1,0,0,0,0,0,0,0,0,1,0,0,.000
2023,2023_Final_team_stats.pdf,Dallas Five Tool TX Kraken,Kolby Dornbusch,,1,1,0,0,0,0,0,0,0,0,0,0,0,.000
2023,2023_Final_team_stats.pdf,Dallas Five Tool TX Kraken,Caleb Heuertz,,1,0,0,0,0,0,0,0,0,0,0,0,0,.000
,,,,,,,,,,,,,,,,,,
2023,2023_Final_team_stats.pdf,Denver CO Cougars,Jonathan Gonzales,,5,16,2,5,1,0,0,1,2,2,9,9,0,.313
2023,2023_Final_team_stats.pdf,Denver CO Cougars,Brady Webb,,4,13,4,4,0,1,0,2,0,2,7,0,0,.308
2023,2023_Final_team_stats.pdf,Denver CO Cougars,Zeke Minic,,5,17,3,5,0,0,0,0,0,1,41,1,0,.294
2023,2023_Final_team_stats.pdf,Denver CO Cougars,Matt Bathauer,,5,15,3,4,1,0,0,0,0,5,13,0,0,.267
2023,2023_Final_team_stats.pdf,Denver CO Cougars,Caleb McClellan,,4,16,4,4,1,1,0,0,0,1,6,0,0,.250
2023,2023_Final_team_stats.pdf,Denver CO Cougars,Judah Wilbur,,5,16,1,4,1,0,0,0,0,3,4,12,0,.250
2023,2023_Final_team_stats.pdf,Denver CO Cougars,Will Brassil,,4,13,0,3,0,0,0,0,0,0,28,2,3,.231
2023,2023_Final_team_stats.pdf,Denver CO Cougars,Mike Bathauer,,5,16,2,3,1,0,0,0,0,0,2,10,1,.188
2023,2023_Final_team_stats.pdf,Denver CO Cougars,Seth Lucero,,5,13,1,2,0,0,0,1,1,2,0,0,0,.154
2023,2023_Final_team_stats.pdf,Denver CO Cougars,Jack Dere,,2,7,0,0,0,0,0,0,0,0,6,2,1,.000
2023,2023_Final_team_stats.pdf,Denver CO Cougars,Conner Westenburg,,1,4,0,0,0,0,0,0,0,0,0,0,0,.000
2023,2023_Final_team_stats.pdf,Denver CO Cougars,Cooper Latino,,1,0,0,0,0,0,0,0,0,0,0,0,0,.000
,,,,,,,,,,,,,,,,,,
2023,2023_Final_team_stats.pdf,GPS Baseball TX Legends,Brant Voth,,2,6,0,3,1,0,0,1,0,2,10,1,0,.500
2023,2023_Final_team_stats.pdf,GPS Baseball TX Legends,Abraham Valdez,,2,9,1,4,1,0,0,0,0,5,8,1,0,.444
2023,2023_Final_team_stats.pdf,GPS Baseball TX Legends,Trent Rucker,,3,15,1,6,0,0,0,2,0,2,14,0,0,.400
2023,2023_Final_team_stats.pdf,GPS Baseball TX Legends,Zachary Mazoch,,3,13,1,5,1,0,0,0,0,2,0,0,0,.385
2023,2023_Final_team_stats.pdf,GPS Baseball TX Legends,Ethan Guerra,,3,11,2,4,2,0,0,0,0,0,6,4,0,.364
2023,2023_Final_team_stats.pdf,GPS Baseball TX Legends,Tyler Hubbard,,3,7,1,2,1,0,0,0,0,0,3,0,0,.286
2023,2023_Final_team_stats.pdf,GPS Baseball TX Legends,Mario Mendoza Jr,,3,8,1,2,1,0,0,0,0,2,3,7,2,.250
2023,2023_Final_team_stats.pdf,GPS Baseball TX Legends,Grayson Doggett,,2,5,1,1,1,0,0,0,0,0,1,1,1,.200
2023,2023_Final_team_stats.pdf,GPS Baseball TX Legends,Nolan Williams,,3,12,3,2,1,0,0,0,0,0,3,0,1,.167
2023,2023_Final_team_stats.pdf,GPS Baseball TX Legends,Andon Petty,,2,8,4,1,0,0,0,2,0,0,6,0,0,.125
2023,2023_Final_team_stats.pdf,GPS Baseball TX Legends,Tucker Burton,,3,9,1,1,0,0,0,0,0,0,9,4,0,.111
2023,2023_Final_team_stats.pdf,GPS Baseball TX Legends,Garrett Graham,,3,5,0,0,0,0,0,0,0,0,7,1,1,.000
2023,2023_Final_team_stats.pdf,GPS Baseball TX Legends,Kuyper Kendall,,3,4,0,0,0,0,0,0,0,0,0,1,0,.000
2023,2023_Final_team_stats.pdf,GPS Baseball TX Legends,Danny Valadez,,1,2,0,0,0,0,0,0,0,0,1,1,2,.000
,,,,,,,,,,,,,,,,,,
2023,2023_Final_team_stats.pdf,Great Bend Bat Cats,Grant Nottlemann,,5,16,9,12,1,1,0,1,0,4,29,5,2,.750
2023,2023_Final_team_stats.pdf,Great Bend Bat Cats,Tyler Cowan,,4,16,5,5,0,1,0,2,0,8,5,12,0,.313
2023,2023_Final_team_stats.pdf,Great Bend Bat Cats,Jayden Hill,,5,14,5,4,2,0,0,2,0,4,0,1,1,.286
2023,2023_Final_team_stats.pdf,Great Bend Bat Cats,Jackson Webster,,5,19,6,5,1,0,0,1,0,2,44,2,1,.263
2023,2023_Final_team_stats.pdf,Great Bend Bat Cats,Marshall Hale,,5,20,4,5,1,0,0,0,0,5,9,0,0,.250
2023,2023_Final_team_stats.pdf,Great Bend Bat Cats,Kade Snodgrass,,5,16,4,4,1,0,0,0,0,7,4,12,2,.250
2023,2023_Final_team_stats.pdf,Great Bend Bat Cats,Brady Kreutzer,,3,8,1,2,1,0,0,0,0,2,1,1,0,.250
2023,2023_Final_team_stats.pdf,Great Bend Bat Cats,Robby Bolin,,5,22,3,5,0,0,0,1,0,3,8,1,2,.227
2023,2023_Final_team_stats.pdf,Great Bend Bat Cats,Isaiah Ural,,5,19,4,4,1,0,0,4,0,1,8,0,0,.211
2023,2023_Final_team_stats.pdf,Great Bend Bat Cats,JoJo Nieves,,3,6,1,1,0,0,0,1,0,1,8,4,2,.167
2023,2023_Final_team_stats.pdf,Great Bend Bat Cats,Jaron Cotton,,5,14,1,1,0,0,0,2,1,2,5,10,1,.071
,,,,,,,,,,,,,,,,,,
2023,2023_Final_team_stats.pdf,Hays KS Larks,Payton Ebbing,,2,7,2,4,1,0,0,0,0,1,29,1,0,.571
2023,2023_Final_team_stats.pdf,Hays KS Larks,Trent Baker,,4,14,3,5,1,1,0,1,0,4,8,0,0,.357
2023,2023_Final_team_stats.pdf,Hays KS Larks,Austen Jaslove,,4,15,4,5,2,0,0,0,0,3,5,10,0,.333
2023,2023_Final_team_stats.pdf,Hays KS Larks,Damian Ruiz,,4,13,3,4,0,0,0,2,1,1,3,0,0,.308
2023,2023_Final_team_stats.pdf,Hays KS Larks,Brady Evans,,2,7,1,2,1,0,0,1,0,1,15,2,0,.286
2023,2023_Final_team_stats.pdf,Hays KS Larks,Lenny Ashby,,4,15,4,4,0,0,1,0,0,3,3,1,0,.267
2023,2023_Final_team_stats.pdf,Hays KS Larks,Tyler LaRue,,4,12,3,3,1,0,0,1,0,5,4,4,1,.250
2023,2023_Final_team_stats.pdf,Hays KS Larks,Garrett Gruell,,4,17,2,4,0,0,0,0,0,3,0,0,0,.235
2023,2023_Final_team_stats.pdf,Hays KS Larks,Luis Garcia,,4,9,3,2,0,0,0,1,0,4,5,7,0,.222
2023,2023_Final_team_stats.pdf,Hays KS Larks,John Ceccoli,,4,13,2,0,0,0,0,0,0,0,29,1,0,.000
,,,,,,,,,,,,,,,,,,
2023,2023_Final_team_stats.pdf,Hutchinson KS Monarchs,Max Buettenback,,6,21,10,11,4,2,1,0,0,10,2,0,0,.524
2023,2023_Final_team_stats.pdf,Hutchinson KS Monarchs,Jarrett Flaggert,,6,24,4,11,2,0,0,0,0,5,2,8,1,.458
2023,2023_Final_team_stats.pdf,Hutchinson KS Monarchs,Will Edmunson,,6,25,11,11,4,0,0,4,0,7,7,0,0,.440
2023,2023_Final_team_stats.pdf,Hutchinson KS Monarchs,Jaden Gustafson,,6,24,9,10,5,0,1,1,1,10,1,0,0,.417
2023,2023_Final_team_stats.pdf,Hutchinson KS Monarchs,Paris Pridgen,,3,5,1,2,1,0,0,0,0,1,1,2,2,.400
2023,2023_Final_team_stats.pdf,Hutchinson KS Monarchs,Sam Wiese,,6,23,5,9,3,0,2,0,0,9,31,1,0,.391
2023,2023_Final_team_stats.pdf,Hutchinson KS Monarchs,Blake Bradford,,6,20,7,7,2,0,0,0,1,2,8,10,1,.350
2023,2023_Final_team_stats.pdf,Hutchinson KS Monarchs,Cooper Harris,,6,26,7,7,2,0,1,0,0,8,52,5,2,.269
2023,2023_Final_team_stats.pdf,Hutchinson KS Monarchs,Drew Bugner,,5,17,5,4,0,0,0,1,0,2,6,13,1,.235
2023,2023_Final_team_stats.pdf,Hutchinson KS Monarchs,Caleb Cotton,,6,26,4,5,4,0,0,2,1,4,25,0,0,.192
2023,2023_Final_team_stats.pdf,Hutchinson KS Monarchs,Jackson Young,,2,3,1,0,0,0,0,0,0,0,8,0,0,.000
,,,,,,,,,,,,,,,,,,
2023,2023_Final_team_stats.pdf,Kansas Cannons,Carsen Pracht,,3,9,3,4,1,1,0,0,1,0,4,6,1,.444
2023,2023_Final_team_stats.pdf,Kansas Cannons,Cale Blasi,,4,16,4,7,0,0,0,0,0,1,8,0,0,.438
2023,2023_Final_team_stats.pdf,Kansas Cannons,Trey Orman,,2,5,1,2,1,0,0,0,0,0,0,0,0,.400
2023,2023_Final_team_stats.pdf,Kansas Cannons,Hunter Jansen,,4,14,4,5,2,0,0,1,0,3,29,1,0,.357
2023,2023_Final_team_stats.pdf,Kansas Cannons,Jack Wagner,,4,16,3,5,3,0,0,2,0,5,9,9,1,.313
2023,2023_Final_team_stats.pdf,Kansas Cannons,Christian Caruso,,2,4,1,1,0,0,0,0,0,0,1,3,0,.250
2023,2023_Final_team_stats.pdf,Kansas Cannons,Mason Wray,,1,4,0,1,1,0,0,0,0,1,7,2,0,.250
2023,2023_Final_team_stats.pdf,Kansas Cannons,Owen Clyne,,4,13,1,3,2,0,0,0,0,4,5,13,6,.231
2023,2023_Final_team_stats.pdf,Kansas Cannons,Tysaac Noland,,4,15,1,3,0,0,0,1,0,3,27,2,0,.200
2023,2023_Final_team_stats.pdf,Kansas Cannons,Will Dixon,,4,16,2,3,0,0,0,1,0,1,6,0,0,.188
2023,2023_Final_team_stats.pdf,Kansas Cannons,Tyson Drake,,4,17,0,3,2,0,0,1,0,1,6,0,0,.176
2023,2023_Final_team_stats.pdf,Kansas Cannons,Gannon Snyder,,2,7,0,1,0,0,0,0,0,0,0,0,0,.143
2023,2023_Final_team_stats.pdf,Kansas Cannons,Eli Fahnestock,,1,1,0,0,0,0,0,0,0,0,0,0,0,.000
2023,2023_Final_team_stats.pdf,Kansas Cannons,Jett Hand,,1,0,1,0,0,0,0,0,0,0,0,0,0,.000
,,,,,,,,,,,,,,,,,,
2023,2023_Final_team_stats.pdf,Liberal KS Bee Jays,Jackson Schofield,,2,1,1,1,1,0,0,0,0,0,0,0,0,1.000
2023,2023_Final_team_stats.pdf,Liberal KS Bee Jays,Jett Brown,,2,2,1,1,0,0,0,0,0,1,0,0,0,.500
2023,2023_Final_team_stats.pdf,Liberal KS Bee Jays,Ryota Kusumoto,,3,9,6,4,2,1,0,0,0,4,1,0,0,.444
2023,2023_Final_team_stats.pdf,Liberal KS Bee Jays,Hudson Polk,,4,13,4,5,2,0,1,0,0,5,14,4,0,.385
2023,2023_Final_team_stats.pdf,Liberal KS Bee Jays,Ethan Calder,,4,8,2,3,0,1,0,0,0,1,2,0,0,.375
2023,2023_Final_team_stats.pdf,Liberal KS Bee Jays,Owen May,,4,15,2,5,1,0,0,2,0,3,10,11,0,.333
2023,2023_Final_team_stats.pdf,Liberal KS Bee Jays,Coldon Kiser,,4,9,4,3,0,0,0,0,0,3,8,3,0,.333
2023,2023_Final_team_stats.pdf,Liberal KS Bee Jays,Derek Lukes,,3,7,1,2,0,0,0,0,0,2,8,0,0,.286
2023,2023_Final_team_stats.pdf,Liberal KS Bee Jays,Issac Webb,,4,18,2,5,0,0,0,1,0,1,3,9,3,.278
2023,2023_Final_team_stats.pdf,Liberal KS Bee Jays,River Jackson,,4,8,2,2,0,0,0,0,0,3,10,1,0,.250
2023,2023_Final_team_stats.pdf,Liberal KS Bee Jays,Luke Rhee,,2,4,1,1,1,0,0,0,0,0,0,0,0,.250
2023,2023_Final_team_stats.pdf,Liberal KS Bee Jays,Walker Polk,,4,13,2,3,1,0,0,0,0,1,28,3,0,.231
2023,2023_Final_team_stats.pdf,Liberal KS Bee Jays,Mateo Garcia,,4,11,4,1,1,0,0,0,0,4,1,3,2,.091
,,,,,,,,,,,,,,,,,,
2023,2023_Final_team_stats.pdf,OKC OK D-BAT Collegiate All-Stars,JJ Garcia,,2,8,4,6,1,0,0,3,0,1,4,4,0,.750
2023,2023_Final_team_stats.pdf,OKC OK D-BAT Collegiate All-Stars,Luke Jayaraman,,1,3,0,2,1,0,0,0,0,2,3,0,0,.667
2023,2023_Final_team_stats.pdf,OKC OK D-BAT Collegiate All-Stars,Caleb Gordon,,3,5,1,3,0,0,0,0,1,0,3,0,0,.600
2023,2023_Final_team_stats.pdf,OKC OK D-BAT Collegiate All-Stars,Ben Hovda,,2,9,2,4,1,0,0,2,0,2,9,4,0,.444
2023,2023_Final_team_stats.pdf,OKC OK D-BAT Collegiate All-Stars,Stephen Courtney,,3,12,1,5,1,0,0,0,0,3,3,0,0,.417
2023,2023_Final_team_stats.pdf,OKC OK D-BAT Collegiate All-Stars,Brandon Harper,,1,3,0,1,0,0,0,0,0,0,7,0,0,.333
2023,2023_Final_team_stats.pdf,OKC OK D-BAT Collegiate All-Stars,Austin Reams,,1,3,0,1,0,0,0,0,0,1,3,0,0,.333
2023,2023_Final_team_stats.pdf,OKC OK D-BAT Collegiate All-Stars,Josh Henry,,1,3,0,1,0,0,0,0,0,1,0,0,0,.333
2023,2023_Final_team_stats.pdf,OKC OK D-BAT Collegiate All-Stars,Juan Avila,,2,7,1,2,0,0,0,0,0,1,6,0,1,.286
2023,2023_Final_team_stats.pdf,OKC OK D-BAT Collegiate All-Stars,Hunter Nunn,,2,7,0,2,0,0,0,0,0,0,6,0,0,.286
2023,2023_Final_team_stats.pdf,OKC OK D-BAT Collegiate All-Stars,Greg Maskarinec,,3,12,2,3,0,0,0,0,0,3,13,4,2,.250
2023,2023_Final_team_stats.pdf,OKC OK D-BAT Collegiate All-Stars,Nijai Armbrister,,1,4,1,1,1,0,0,0,0,0,6,0,0,.250
2023,2023_Final_team_stats.pdf,OKC OK D-BAT Collegiate All-Stars,Drew Thompson,,2,6,1,1,1,0,0,1,0,0,6,0,0,.167
2023,2023_Final_team_stats.pdf,OKC OK D-BAT Collegiate All-Stars,Tristan Williams,,1,4,0,0,0,0,0,0,0,0,1,3,1,.000
2023,2023_Final_team_stats.pdf,OKC OK D-BAT Collegiate All-Stars,Reece Rozman,,1,4,0,0,0,0,0,0,0,0,0,0,0,.000
2023,2023_Final_team_stats.pdf,OKC OK D-BAT Collegiate All-Stars,Landon Vodka,,1,3,0,0,0,0,0,0,0,0,2,0,0,.000
2023,2023_Final_team_stats.pdf,OKC OK D-BAT Collegiate All-Stars,Drake Davidson,,1,3,1,0,0,0,0,0,0,0,2,0,0,.000
2023,2023_Final_team_stats.pdf,OKC OK D-BAT Collegiate All-Stars,Zane Knox,,1,3,0,0,0,0,0,0,0,0,0,5,0,.000
,,,,,,,,,,,,,,,,,,
2023,2023_Final_team_stats.pdf,SC Blues KS,Mason Cherry,,3,3,0,1,0,0,0,0,0,0,1,1,0,.333
2023,2023_Final_team_stats.pdf,SC Blues KS,Landon Haines,,2,4,0,1,0,0,0,0,0,0,14,1,0,.250
2023,2023_Final_team_stats.pdf,SC Blues KS,Brooks Allen,,3,9,0,1,0,0,0,0,0,0,7,6,0,.111
2023,2023_Final_team_stats.pdf,SC Blues KS,Brady Boomsma,,3,10,0,1,0,0,0,0,0,0,4,5,4,.100
2023,2023_Final_team_stats.pdf,SC Blues KS,Josh Cline,,3,9,0,0,0,0,0,0,0,0,7,0,1,.000
2023,2023_Final_team_stats.pdf,SC Blues KS,Jacob Rutschman,,3,8,0,0,0,0,0,0,0,0,6,4,0,.000
2023,2023_Final_team_stats.pdf,SC Blues KS,Sam Hampton,,3,7,0,0,0,0,0,1,0,0,2,0,0,.000
2023,2023_Final_team_stats.pdf,SC Blues KS,Jackson Ellison,,3,6,0,0,0,0,0,0,0,0,13,3,0,.000
2023,2023_Final_team_stats.pdf,SC Blues KS,Austin Selenke,,2,4,0,0,0,0,0,1,0,0,2,0,0,.000
2023,2023_Final_team_stats.pdf,SC Blues KS,Alec Maldonado,,2,3,0,0,0,0,0,0,0,0,7,2,0,.000
2023,2023_Final_team_stats.pdf,SC Blues KS,Coen Douglass,,2,2,0,0,0,0,0,0,0,0,2,0,0,.000
2023,2023_Final_team_stats.pdf,SC Blues KS,Russ Smith,,1,2,0,0,0,0,0,0,0,0,2,2,1,.000
2023,2023_Final_team_stats.pdf,SC Blues KS,Tyler Boothe,,1,2,0,0,0,0,0,0,0,0,1,0,0,.000
2023,2023_Final_team_stats.pdf,SC Blues KS,Carson Smith,,2,2,0,0,0,0,0,0,0,0,0,0,0,.000
2023,2023_Final_team_stats.pdf,SC Blues KS,Tyler Chrisman,,1,1,0,0,0,0,0,0,0,0,0,0,0,.000
2023,2023_Final_team_stats.pdf,SC Blues KS,Gunner Hewitt,,1,1,0,0,0,0,0,0,0,0,0,0,0,.000
2023,2023_Final_team_stats.pdf,SC Blues KS,Maddox Stevens,,1,1,0,0,0,0,0,0,0,0,0,0,0,.000
2023,2023_Final_team_stats.pdf,SC Blues KS,Sam Haneberg,,1,0,0,0,0,0,0,0,0,0,0,0,1,.000
,,,,,,,,,,,,,,,,,,
2023,2023_Final_team_stats.pdf,Sandlot Tulsa OK,Zac Burns,,3,9,2,4,1,0,0,0,0,3,4,6,1,.444
2023,2023_Final_team_stats.pdf,Sandlot Tulsa OK,Jackson Smith,,2,7,2,3,1,0,0,1,0,2,16,2,1,.429
2023,2023_Final_team_stats.pdf,Sandlot Tulsa OK,Kaiden Ashton,,3,11,4,4,1,0,0,0,0,0,6,0,0,.364
2023,2023_Final_team_stats.pdf,Sandlot Tulsa OK,Braden Horn,,2,5,0,1,0,0,0,0,0,1,15,0,0,.200
2023,2023_Final_team_stats.pdf,Sandlot Tulsa OK,Trey Migl,,3,11,2,2,1,0,0,0,0,1,4,1,0,.182
2023,2023_Final_team_stats.pdf,Sandlot Tulsa OK,Keaton Campbell,,3,13,1,2,0,0,0,0,0,3,3,1,1,.154
2023,2023_Final_team_stats.pdf,Sandlot Tulsa OK,Drew Williams,,3,13,1,2,0,1,0,0,0,0,0,0,0,.154
2023,2023_Final_team_stats.pdf,Sandlot Tulsa OK,Kade Sheldon,,3,7,1,1,0,0,0,1,0,1,5,0,0,.143
2023,2023_Final_team_stats.pdf,Sandlot Tulsa OK,Noah Smallwood,,3,9,1,1,0,0,0,1,0,0,8,7,1,.111
2023,2023_Final_team_stats.pdf,Sandlot Tulsa OK,Trevor Rowe,,3,10,1,1,0,1,0,0,0,2,4,2,0,.100
2023,2023_Final_team_stats.pdf,Sandlot Tulsa OK,Logan Tibbett,,1,4,0,0,0,0,0,0,0,1,8,3,0,.000
2023,2023_Final_team_stats.pdf,Sandlot Tulsa OK,Brett McComas,,1,1,0,0,0,0,0,0,0,0,1,0,0,.000
,,,,,,,,,,,,,,,,,,
2023,2023_Final_team_stats.pdf,Santa Barbara CA Foresters,Max Belyeu,,6,25,4,11,2,0,0,0,0,3,10,0,1,.440
2023,2023_Final_team_stats.pdf,Santa Barbara CA Foresters,Nate Voss,,2,5,0,2,0,0,0,0,0,3,8,1,0,.400
2023,2023_Final_team_stats.pdf,Santa Barbara CA Foresters,Rylan Galvan,,5,11,4,4,0,0,0,1,0,2,54,1,0,.364
2023,2023_Final_team_stats.pdf,Santa Barbara CA Foresters,Will Rogers,,6,21,2,7,1,0,1,1,0,5,18,3,0,.333
2023,2023_Final_team_stats.pdf,Santa Barbara CA Foresters,Daniel Patterson,,4,9,4,3,2,0,0,3,0,1,7,1,0,.333
2023,2023_Final_team_stats.pdf,Santa Barbara CA Foresters,Kenneth Dutka,,2,3,1,1,0,0,0,0,0,0,1,0,0,.333
2023,2023_Final_team_stats.pdf,Santa Barbara CA Foresters,Jalin Flores,,6,22,5,7,1,0,1,2,0,3,7,9,0,.318
2023,2023_Final_team_stats.pdf,Santa Barbara CA Foresters,Eamonn Lance,,6,19,4,6,1,2,1,0,0,4,0,0,0,.316
2023,2023_Final_team_stats.pdf,Santa Barbara CA Foresters,Miguel Santos,,6,24,4,6,0,0,2,2,0,5,5,12,3,.250
2023,2023_Final_team_stats.pdf,Santa Barbara CA Foresters,Ryan Black,,5,17,2,4,1,0,0,3,0,4,6,5,0,.235
2023,2023_Final_team_stats.pdf,Santa Barbara CA Foresters,Greg Pace,,6,15,4,3,0,0,0,3,0,1,8,0,0,.200
2023,2023_Final_team_stats.pdf,Santa Barbara CA Foresters,Rocco Garza-Gongo,,4,14,2,2,0,0,0,2,0,1,26,1,0,.143
2023,2023_Final_team_stats.pdf,Santa Barbara CA Foresters,Kamau Neighbors,,3,6,1,0,0,0,0,2,0,0,2,2,0,.000
,,,,,,,,,,,,,,,,,,
2023,2023_Final_team_stats.pdf,Seattle WA Blackfins,Harrison Kaufman,,4,11,4,5,3,0,0,0,0,1,1,9,1,.455
2023,2023_Final_team_stats.pdf,Seattle WA Blackfins,Josiah O'Bannon,,4,13,1,5,0,1,0,1,0,3,9,0,0,.385
2023,2023_Final_team_stats.pdf,Seattle WA Blackfins,Zion Williams,,4,13,2,5,0,0,1,1,0,2,2,0,0,.385
2023,2023_Final_team_stats.pdf,Seattle WA Blackfins,Mike Snyder,,4,11,1,4,0,0,0,0,0,2,14,3,1,.364
2023,2023_Final_team_stats.pdf,Seattle WA Blackfins,Alex Harden,,3,7,1,2,0,0,0,0,0,2,20,2,0,.286
2023,2023_Final_team_stats.pdf,Seattle WA Blackfins,Austin Santiago,,3,4,1,1,0,0,0,0,2,1,6,5,0,.250
2023,2023_Final_team_stats.pdf,Seattle WA Blackfins,Kai Herko,,4,11,2,2,0,0,0,0,0,2,5,0,0,.182
2023,2023_Final_team_stats.pdf,Seattle WA Blackfins,Bryce Lindberg,,3,9,2,1,0,0,1,0,0,1,5,0,1,.111
2023,2023_Final_team_stats.pdf,Seattle WA Blackfins,Ryan Jeffries,,4,14,2,1,0,0,0,1,0,1,5,8,3,.071
2023,2023_Final_team_stats.pdf,Seattle WA Blackfins,Indy Anderson,,2,5,1,0,0,0,0,0,0,0,5,1,0,.000
2023,2023_Final_team_stats.pdf,Seattle WA Blackfins,Nick Herko,,2,4,0,0,0,0,0,0,0,0,4,3,1,.000
,,,,,,,,,,,,,,,,,,
2023,2023_Final_team_stats.pdf,Seattle WA Cheney Studs,Ben Schnurman,,4,15,4,6,2,0,0,0,0,1,38,6,2,.400
2023,2023_Final_team_stats.pdf,Seattle WA Cheney Studs,Trevor Tripoli,,5,17,3,6,0,0,0,0,0,2,10,13,0,.353
2023,2023_Final_team_stats.pdf,Seattle WA Cheney Studs,Akiyoshi Buckson,,5,19,4,6,0,0,1,4,0,2,6,1,0,.316
2023,2023_Final_team_stats.pdf,Seattle WA Cheney Studs,Nich Klemp,,5,16,0,5,1,0,0,0,0,1,13,0,0,.313
2023,2023_Final_team_stats.pdf,Seattle WA Cheney Studs,Noah Fields,,5,19,4,5,0,0,0,2,0,4,12,1,0,.263
2023,2023_Final_team_stats.pdf,Seattle WA Cheney Studs,Charlie Larson,,4,13,2,3,0,0,0,0,0,4,4,8,0,.231
2023,2023_Final_team_stats.pdf,Seattle WA Cheney Studs,Landon Riker,,5,16,2,3,0,0,1,0,1,3,6,0,0,.188
2023,2023_Final_team_stats.pdf,Seattle WA Cheney Studs,Makana Murashige,,5,18,2,3,1,0,0,1,0,1,9,17,0,.167
2023,2023_Final_team_stats.pdf,Seattle WA Cheney Studs,Kyle Rodriguez,,3,7,1,1,0,0,0,0,0,0,12,3,0,.143
2023,2023_Final_team_stats.pdf,Seattle WA Cheney Studs,Garret Ringer,,3,8,1,1,0,0,0,0,1,0,1,0,0,.125
2023,2023_Final_team_stats.pdf,Seattle WA Cheney Studs,Brady Hinkle,,3,9,1,1,0,0,0,0,0,0,9,1,1,.111
2023,2023_Final_team_stats.pdf,Seattle WA Cheney Studs,Jake Gallagher,,2,4,0,0,0,0,0,0,1,0,0,4,0,.000
2023,2023_Final_team_stats.pdf,Seattle WA Cheney Studs,Brice Foster,,1,3,0,0,0,0,0,0,0,0,0,1,0,.000
